date,open,high,low,close,volume,dividends,stock_splits,daily_return,ticker,RSI,bb_pos,bb_width,volume_change,ma_50,price_percentile_60,price_vs_ma50,price_vs_ma252,c_10d_trend,3d_P,vc_5d_mean,vc_5d_trend,volume_momentum_5d,rsi_50,rsi_5d_trend,overbought,oversold,bb_5d_mean,bb_breakout_up,bb_breakout_down,amplitude,amp_5d_mean,amp_percentile,momentum_5d,volatility_22d,market_uptrend,market_volatility,momentum_10d_percentile
2023-07-03,389.4574052796341,394.3760795089352,387.0270995743244,393.5724487304688,652600,0.0,0.0,0.0031836575564339,DE,0.3610535866970432,0.6584385499839265,0.15115005597053588,-0.6470142795326699,368.28135681152344,0.9166666666666666,0.06867328864515043,,-0.0020127211814818763,0.006263347739197123,-0.06336138665920281,2.469439696505015,-0.5202881505439576,0.08038602038898944,-0.02279123036308212,0.55,0.0,0.6687369545877024,0,0,0.01873194273098264,0.0209153697323346,0.4,-0.005878165060419905,0.2851800892986835,0.0,0.009301099433542617,0.48760330578512395
2023-07-05,393.10768717016623,395.8575009434665,390.9484889898719,391.8102416992188,1398600,0.0,0.0,-0.0044774654245597,DE,0.16289592918064158,0.6099397650057645,0.1271829959375576,1.1431198283787927,368.6522515869141,0.85,0.06281798093628344,,-0.0024935808228064185,0.0075442386482493795,0.1587203855440476,0.7160442899802775,-0.004484304932735439,0.08898477954677773,-0.03262524664019243,0.55,0.0,0.6436894652544399,0,0,0.012472956299226212,0.018109980514670932,0.1,-0.008697871536449605,0.28500800075916766,0.0,0.009068822377460492,0.36363636363636365
2023-07-06,390.1544446425808,391.8779200468804,387.0560479490418,388.4309692382813,1390700,0.0,0.0,-0.0086247680670166,DE,0.07256210686112183,0.5149016100050375,0.11031459353266135,-0.0056485056485056084,368.9296923828125,0.7833333333333333,0.05285906029822529,,-0.001981159543610057,-0.009921548915364453,0.1189829543267958,0.7654249931611792,-0.1702762365014021,0.06876441563738651,-0.0657494750018083,0.55,0.0,0.6128583806297548,0,0,0.01230665149774263,0.016683742594639298,0.1,-0.006797753313928505,0.23809693767382956,0.0,0.009241166699214862,0.1322314049586777
2023-07-07,386.7463106351416,395.4605205330988,386.7463106351416,392.4105529785156,1013900,0.0,0.0,0.0102452792269329,DE,0.007827760648854109,0.5880521651447104,0.09997603360752064,-0.2709426907312864,369.45216979980466,0.8833333333333333,0.06214169263412761,,-0.0006341906479484159,-0.0029521775614657075,0.041466452455223804,0.29866208819224155,-0.45827099807651206,0.12320942559808572,-0.09426514107739267,0.55,0.0,0.6057013987915896,0,0,0.02243438496947327,0.015818472178589428,0.7,0.009190599055201497,0.2233721712501141,0.0,0.0087268161758225,0.19834710743801653
2023-07-10,390.3384732183681,395.7606239373465,389.1668749839949,394.16302490234375,1005500,0.0,0.0,0.0044659143606773,DE,0.021809671803628135,0.6150227530342258,0.08565878494942943,-0.008284840714074315,370.1035205078125,0.9333333333333333,0.06500749941940476,,-0.0006101320811952704,0.006004904805247735,0.042245902350451246,-0.3233535890408754,-0.456133708351363,0.15368924888640692,-0.07407873397430605,0.55,0.0,0.597270968634733,0,0,0.01680318967801212,0.01654982503508737,0.35,0.004792617652467796,0.20873210512873952,0.0,0.008316498348373709,0.39669421487603307
2023-07-11,397.3775757536721,401.33769567056,397.3775757536721,400.659912109375,1131200,0.0,0.0,0.0164827413952408,DE,0.13194861684893625,0.8380426159139482,0.06485057551133237,0.1250124316260568,370.9380908203125,0.9666666666666667,0.08012609657674696,,0.0011401100185862907,0.0314829244822441,0.19665124458219657,-1.036785265662958,0.7333741955255899,0.1905188845125241,-0.010435995884008193,0.55,0.0,0.6331917818207373,0,0,0.010046908681678181,0.014812818225226478,0.05,0.018091701491274696,0.20409771754918277,0.0,0.00811858254372165,0.3305785123966942
2023-07-12,403.75835703791086,404.7459567701815,394.5600251629464,394.7246398925781,1376000,0.0,0.0,-0.0148137411241098,DE,-0.13291505794067163,0.5860271621923677,0.04753197627242439,0.21640735502121644,371.53484313964844,0.9166666666666666,0.06241620989559071,,0.0018087963722639715,0.005897106732981161,0.011308749910681338,7.42846778230832,-0.01615901615901616,0.13940167355363953,-0.028114131218928817,0.55,0.0,0.628409261258058,0,0,0.025422886840883945,0.017402804333558026,0.75,0.007755425791724595,0.21270443920115714,0.0,0.008401306928856564,0.19008264462809918
2023-07-13,395.24747648625726,398.15221290692193,392.2362472467849,396.544921875,999400,0.0,0.0,0.0046115235748072,DE,-0.08030991092192068,0.6659493738305792,0.04317122419947187,-0.2736918604651163,372.0888494873047,0.95,0.06572643179550508,,0.002038423754707402,0.006042923415372048,-0.0422999210526408,-0.5181897526353583,-0.2813690947005105,0.13048213097667768,-0.033445424404689554,0.5,0.0,0.6586188140231662,0,0,0.014987576305717896,0.017938989295153078,0.3,0.0209917174335484,0.21066801538744553,0.0,0.00854805763774944,0.2231404958677686
2023-07-14,400.05963002732153,401.7734433081322,396.0898179503624,401.4442138671875,984200,0.0,0.0,0.0123549482591327,DE,0.2375075590119441,0.9230325845410047,0.04138438396599312,-0.01520912547528519,372.70840942382813,0.9833333333333333,0.07709996264313479,,0.002394482607310999,0.0019575249085523883,0.008846791998559445,-4.663304638345406,-0.029292829667620035,0.14183589055976056,0.021160246874729047,0.45,0.0,0.7256148979024251,0,0,0.01433286632670944,0.016318685566600315,0.3,0.023101386465748195,0.20326126235949127,0.0,0.00836737166058637,0.5454545454545454
2023-07-17,401.79285247782366,409.97453910131,401.7347601093677,407.24407958984375,1509100,0.0,0.0,0.0144475011030424,DE,0.23912405588751667,1.106298792441827,0.04992393990439607,0.5333265596423491,373.47446899414064,1.0,0.09042013149293182,,0.003740883999581496,0.03171689434100866,0.11716907206984413,0.4992885624180407,0.5008453505718549,0.16942270449409066,0.0541923067654492,0.4,0.0,0.8238701057839453,1,0,0.02052534002811234,0.017063115636620357,0.65,0.0330829732081133,0.186999401366382,0.0,0.00824811495089441,0.6776859504132231
2023-07-18,407.9411937810671,418.2433103497072,407.3795948540496,417.8560180664063,1575400,0.0,0.0,0.0260579318605449,DE,0.3901345881639429,1.259448846835496,0.07092573927191398,0.04393347028029959,374.61937072753904,1.0,0.11541487364868086,,0.006272805066090325,0.05374194704256996,0.10095327980069269,0.4577074182610767,0.3926803394625178,0.24650719364225054,0.12076795785603739,0.35,0.0,0.9081513519682549,1,0,0.026676177850391277,0.020388969470362978,0.85,0.0426581636734174,0.20297691674823162,0.0,0.008099200634724453,0.8181818181818182
2023-07-19,418.5241058563984,423.9075483243549,417.92379839068127,422.3196411132813,1664800,0.0,0.0,0.0106822035674634,DE,0.5359121675672469,1.173510830984386,0.09102447772620931,0.05674749270026669,375.70875549316406,1.0,0.12406121746866061,,0.008341219487158397,0.05200081736138862,0.06902130733650273,1.0431869952506083,0.20988372093023266,0.23497808666158973,0.10953736680779785,0.35,0.0,1.0256480857266586,1,0,0.014320123858363721,0.01816841687385893,0.25,0.0681541083649906,0.1976332740924004,0.0,0.007969820193240235,0.8264462809917356
2023-07-20,424.8467547113127,426.0377073008896,421.2351883979262,425.6697692871094,1284900,0.0,0.0,0.0079326837960858,DE,0.6208208652945865,1.1059980328742594,0.10984941046711581,-0.22819557904853438,376.88135986328126,1.0,0.12945296483096635,,0.009343796688233475,0.04524483134493473,0.07812056361981912,-1.1553321331383786,0.2856714028417051,0.2491652863075069,0.07570405352973081,0.35,0.0,1.1136578175353946,1,0,0.011371763080455937,0.017445254228806543,0.1,0.0714752685862692,0.1981989452193584,0.0,0.008184183002615772,0.8512396694214877
2023-07-21,425.0694173943804,426.2603403110062,421.4868976380893,423.0554504394531,1195600,0.0,0.0,-0.0061416596532908,DE,0.5286858776003873,0.9685160793019114,0.12193800882556279,-0.06949957195112455,377.9787042236328,0.9833333333333333,0.11925737009022197,,0.009539950410522925,0.012443119515441525,0.06726247432465124,-2.1970367985320802,0.21479374110953064,0.2330699873615062,0.05535513455795971,0.35,0.0,1.1227545164875758,0,0,0.011213957432098588,0.01682147244988437,0.1,0.052978660673845705,0.20078392404031078,0.0,0.007522307147969628,0.8347107438016529
2023-07-24,423.0748472907035,432.8057019239541,422.39706367857934,428.5357360839844,1301700,0.0,0.0,0.0129540598964947,DE,0.5585313396478248,0.9895800513862216,0.1342905096932893,0.08874205419872871,379.2059246826172,1.0,0.13008713258542737,,0.00983195320737184,0.014718934109521298,-0.02165442676407283,0.16915662193979777,-0.13743290703068056,0.25413202575554406,0.02158524695380624,0.35,0.0,1.099410768276455,0,0,0.024603484565823827,0.017637101357426667,0.75,0.051485219467298005,0.19390725727903205,0.0,0.007710594938083465,0.8677685950413223
2023-07-25,427.0349550662748,435.71042548683135,426.4927400117715,432.1569519042969,1160700,0.0,0.0,0.008450207334874,DE,0.6261948208608333,0.9714721683024364,0.14832948035092927,-0.10831988937543213,380.65228881835935,1.0,0.13530632705722323,,0.010641871467730662,0.015239942051914923,-0.052105098695219176,0.025327906931582954,-0.26323473403580044,0.3046044606976841,0.007514205892892162,0.35,0.0,1.041815432569843,0,0,0.021509724158111684,0.01660381061897075,0.7,0.033877494941627104,0.1938651718588462,0.0,0.007827611031100613,0.9008264462809917
2023-07-26,429.4459287650122,432.5249423872595,417.8076284021766,419.201904296875,1759500,0.0,0.0,-0.0299776448124589,DE,0.43287382937994323,0.7317461228138549,0.15014362056277822,0.5158955802532954,381.81657958984374,0.9166666666666666,0.09791435654049252,,0.007903253546369136,-0.009108844097328594,0.039724518815386564,3.648532554705147,0.056883709754925516,0.24083626450848356,-0.017920773986137364,0.35,0.0,0.9534624909357368,0,0,0.034055483592780725,0.02055088256585415,1.0,-0.0067823534382952,0.1995814404853627,0.0,0.007440651406177519,0.8264462809917356
2023-07-27,419.7247813393632,420.218596057535,410.9815246355904,415.0094299316406,1977000,0.0,0.0,-0.0100010861645926,DE,0.32059067911426153,0.6452807346945261,0.14754005172901075,0.12361466325660708,382.9698010253906,0.8833333333333333,0.08366098010982803,,0.004240340130154113,-0.03156400975085272,0.11008656727641486,0.7388567166670934,0.5386411393882793,0.24098871978570144,-0.03628343818585193,0.35,0.0,0.86131903129979,0,0,0.02203489852327343,0.022683509654417646,0.7,-0.0247161233989736,0.20055541839719562,0.0,0.008050700989775653,0.859504132231405
2023-07-28,415.1449002507318,416.4713916988957,411.5333343313733,413.5472717285156,1194700,0.0,0.0,-0.0035231927220685,DE,0.2775103067799705,0.6037937273987812,0.14215877219625347,-0.3957005563985837,384.23914794921876,0.8666666666666667,0.07627573592051129,,0.0006653002390945731,-0.04306231820124107,0.04484637038692303,-1.643278290315053,-0.0007527601204415646,0.27405107063395645,-0.06012210112324874,0.35,0.0,0.788374560919164,0,0,0.011898663045646397,0.02282045077712721,0.2,-0.0220976564677513,0.20108655654579358,0.0,0.008447879482177371,0.6115702479338843
2023-07-31,415.86142149825537,419.1437877627469,413.3730235957861,415.958251953125,1169600,0.0,0.0,0.0058299991063466,DE,0.23163731425394474,0.6280737899766541,0.13835844575154516,-0.021009458441449747,385.45265869140627,0.8833333333333333,0.07914225670484099,,-0.0020099016084841577,-0.007737685135735584,0.022896067858887335,-3.2187853360936325,-0.10148267649996157,0.26351302093958195,-0.06855167684445151,0.3,0.0,0.7160733086372506,0,0,0.01395430356205854,0.02069061457637415,0.35,-0.029221717257899404,0.19629474404557987,0.0,0.008210266297687235,0.48760330578512395
2023-08-01,417.6527010235799,424.8661122468304,416.3552556034738,419.6763305664063,1115800,0.0,0.0,0.0089385860139161,DE,0.38674992454419965,0.6740572029210063,0.13529153720084225,-0.045998632010943896,386.69323364257815,0.9166666666666666,0.08529525229374602,,-0.0027727710493228863,0.011245288174619006,0.03536031933178498,-3.587107159087143,-0.03868355302834492,0.26620473425450314,-0.013625455574405788,0.3,0.0,0.6565903155609645,0,0,0.020460843374050307,0.02048083841956188,0.6,-0.028733338578857303,0.19484312941154225,0.0,0.0078082105219572946,0.4132231404958678
2023-08-02,416.9652259757575,421.1480237746602,413.4795365195839,416.8587036132813,1077900,0.0,0.0,-0.0067138095429929,DE,0.3127378271844503,0.6053482378601509,0.12891094192684135,-0.03396666069188026,388.0120135498047,0.8666666666666667,0.07434483741770515,,-0.003251710674849266,0.00800738418832947,-0.07461212885725015,-0.04629177188704344,-0.38738277919863595,0.29121940563821624,0.007162710646058916,0.3,0.0,0.6313107385702237,0,0,0.018272384446191406,0.017324218590244016,0.55,-0.0054695033093913,0.19686058449475682,0.0,0.008357921452637656,0.4380165289256198
2023-08-03,413.65381010881765,415.67743949370526,407.86369185143457,410.47796630859375,1083400,0.0,0.0,-0.0153067148397767,DE,0.14152761044623147,0.46086482257328243,0.11759359589594351,0.0051025141478802105,389.2620581054687,0.8,0.054502892746296494,,-0.0038800335945248466,-0.013175085765936068,-0.09831455867899552,-0.8021690270893613,-0.4519979767324228,0.27679641464552857,-0.015028344960724666,0.3,0.0,0.5944275561459749,0,0,0.01874435528043932,0.01666610994167719,0.55,-0.0107751319845754,0.2061928261720951,0.0,0.008469473445592639,0.19008264462809918
2023-08-04,414.86414956455695,416.34556399403726,409.8970454337971,410.5748291015625,961200,0.0,0.0,0.000235975620908,DE,0.061654999614602274,0.43949344175400107,0.10833724022052317,-0.11279305888868374,390.51442626953127,0.8,0.05136917225737947,,-0.00447379935707392,-0.021686954450255036,-0.04173305917701553,0.31741275944755004,-0.19544655562065794,0.27718633129062836,-0.0476978800445573,0.3,0.0,0.561567499017019,0,0,0.015709780035774803,0.017428333339702874,0.45,-0.007015963641598901,0.20503137470452712,0.0,0.00911223512573108,0.2727272727272727
2023-08-07,411.281528804587,419.07592088335525,410.6715591110056,417.6138610839844,1009400,0.0,0.0,0.0171443339520471,DE,0.003503677921437287,0.5768157741879391,0.09917351285224367,0.05014565126924686,392.03112854003905,0.8666666666666667,0.06525689079644725,,-0.0029101176564756614,0.001811543010035388,-0.02750203723487621,-0.4125591402359577,-0.13696990424076605,0.3338516900867461,-0.08614505041449629,0.3,0.0,0.551315895859276,0,0,0.02046974431126342,0.018731421489543848,0.65,0.004298371204101599,0.20723004697709843,0.0,0.008914524480552632,0.3140495867768595
2023-08-08,413.4408031214904,417.3912315176553,410.9233590663188,416.7909240722656,1354400,0.0,0.0,-0.0019705691989788,DE,-0.08991107327582938,0.5391531401374745,0.0939721522867386,0.3417872003170199,393.51592834472655,0.8333333333333334,0.05914626080179852,,-0.000548183404847212,0.015379528943889387,0.050055129230716554,1.5913471234239853,0.21383760530561036,0.32716930137108136,-0.08686982848804711,0.3,0.0,0.5243350833025696,0,0,0.015487686243335054,0.017736790063400797,0.4,-0.006610784008793301,0.2064964926177565,0.0,0.009450083163445316,0.30578512396694213
2023-08-09,419.2503123732269,425.4277235511988,418.746835337632,422.2421875,1361300,0.0,0.0,0.0130791317969995,DE,-0.04992182535800992,0.6633445342173819,0.08233353193045859,0.005094506792675757,395.0647723388672,0.9166666666666666,0.06879230208311604,,0.0009092649436019014,0.028417130256057188,0.057867362727627755,0.785527839993079,0.2629186380925874,0.33418043067469116,-0.052741307417979534,0.3,0.0,0.5359343425740158,0,0,0.016029351475053893,0.017288183469173296,0.5,0.0131821573311991,0.20935587676098832,0.0,0.009590595962345305,0.8429752066115702
2023-08-10,422.8134305638623,427.45133470253967,420.3734625833623,420.77044677734375,1283900,0.0,0.0,-0.0034855368938145,DE,-0.03158370520595227,0.6015858127567014,0.06879646516850614,-0.056857415705575565,396.7112084960938,0.9,0.06064673184419722,,0.0014106415519478622,0.007558622899072276,0.0454753767569366,0.14693697261002397,0.18506553442865048,0.36683799752985974,-0.02451119299993649,0.3,0.0,0.5640785406106996,0,0,0.016762588696036813,0.016891830152292793,0.5,0.025003335277161302,0.2050348107251532,0.0,0.010388084955815695,0.8677685950413223
2023-08-11,421.4579314508595,423.5106073359943,418.8339942239945,421.2546081542969,1217200,0.0,0.0,0.0011506544260921,DE,-0.1283681284039767,0.5991311208269156,0.05813779780429599,-0.051951086533219115,398.45709716796875,0.9,0.0572144683790583,,0.001572034146207303,0.01070964798949725,0.05764377122802953,-1.045799188333456,0.2663337494798168,0.398367076114335,-0.021835514297650745,0.3,0.0,0.5960060764252825,0,0,0.011114404891830363,0.015972755123503907,0.05,0.0259180140823454,0.19595490335222765,0.0,0.010472685526975663,0.9173553719008265
2023-08-14,421.6806132843196,424.4691650925772,420.4025221141168,423.7429809570313,1058500,0.0,0.0,0.0059070518270103,DE,-0.15164831516688979,0.6844819878829878,0.0526644020559034,-0.13038120276043375,400.12553161621094,0.95,0.059025099561688554,,0.0022185388130727493,0.0035543427479787226,0.021538400422093408,-4.649288618729615,0.04864275807410334,0.3848505722619268,-0.022196088233145724,0.3,0.0,0.6175393191642922,0,0,0.009653646274110096,0.013809535516073241,0.05,0.014680731957308601,0.1961290306332083,0.0,0.01055227345754546,0.9338842975206612
2023-08-15,419.7634585201938,421.38044146064726,415.9485689945796,417.9721984863281,1576800,0.0,0.0,-0.0136185912924615,DE,-0.021830249438558696,0.4230877704065826,0.052645163829841,0.4896551724137932,401.32140625,0.8166666666666667,0.04148991799843249,,0.0024831981860752765,-0.006650296646181442,0.05111199484144806,1.752225768071788,0.16420555227406974,0.29119852904118004,-0.006918597780864356,0.3,0.0,0.5943262452181138,0,0,0.012818790422910783,0.013275756351988386,0.3,0.0030327098638258995,0.20104854117541263,0.0,0.011031466417295084,0.8677685950413223
2023-08-16,414.4090403555628,421.9032504616114,409.76147415228576,410.47796630859375,1870300,0.0,0.0,-0.0179299776513234,DE,-0.08936942227232265,0.13239633015743252,0.05583340596152602,0.1861364789446982,402.51064025878907,0.6583333333333333,0.019794075616689666,,0.0013705853117560998,-0.025582252721033427,0.08732038927185255,1.1768088264567562,0.3739072944979065,0.29610296600535124,-0.0009867992236561175,0.25,0.0,0.4881366044061239,0,0,0.029049243833194276,0.015879734823616466,0.95,-0.027976399584497,0.20661017449663596,0.0,0.010586607321084277,0.71900826446281
2023-08-17,408.3865909949271,411.9110188429741,402.56742601049615,405.8497924804688,2149200,0.0,0.0,-0.011275084676885,DE,-0.14695437389479393,0.01689359914490983,0.06059276057631115,0.14912046195797468,403.4134869384766,0.6166666666666667,0.006039226800475861,,-0.0011864942563001935,-0.04222651295875246,0.1285159648045626,0.5591996136669904,0.673962146584625,0.23157478817594865,0.0028134649533369414,0.2,0.0,0.3711981616837657,0,0,0.022762714687232496,0.0170797600218556,0.85,-0.035765947367567504,0.18894359914563852,0.0,0.010731742661651174,0.7933884297520661
2023-08-18,394.7633265240608,399.8369525485632,382.8248736598246,384.4127807617188,4233700,0.0,0.0,-0.0528200632744727,DE,-0.4520956804648705,-0.3160562267701452,0.0934712308799361,0.9698957751721571,403.73064208984374,0.25,-0.04784839027359744,,-0.006441300885841855,-0.08029102855678816,0.33288533714563784,0.5587567362859246,2.47822872165626,0.085218216688002,-0.08772365474403407,0.15,0.05,0.1881606921643535,0,1,0.04191718020789004,0.023240315085067537,1.0,-0.0897366650681323,0.2523799060721641,0.0,0.011127493269434878,0.21487603305785125
2023-08-21,383.4445195926204,385.3616560566954,373.2488970602967,378.380615234375,2549100,0.0,0.0,-0.0156918963916624,DE,-0.5744651832767786,-0.2082224175577661,0.12038663919155883,-0.3979025438741526,403.9474243164062,0.21666666666666667,-0.06329241763404614,,-0.010685418889750317,-0.07819506455576286,0.27938106892289405,-0.3548401257717414,1.408219178082192,0.060649082007823124,-0.19756170657836392,0.1,0.1,0.009619811076202722,0,1,0.031509771793739746,0.027611540188993467,0.9,-0.11133561328680501,0.25147955859112625,0.0,0.011460381027206196,0.11570247933884298
2023-08-22,380.2687317389149,380.6076235767574,372.04833682324846,372.9778442382813,1663900,0.0,0.0,-0.0142786675071797,DE,-0.5919704095615188,-0.14327741383656542,0.14274607170882694,-0.3472598171903809,404.09283142089845,0.18333333333333332,-0.07699960198058586,,-0.014717969322801977,-0.08099535555083337,0.11199807100205925,-1.440931601467147,0.055238457635717886,0.04369003780381064,-0.22776578116530152,0.05,0.15,-0.10365322577242689,0,1,0.02262083840687028,0.02957194978578536,0.75,-0.11199568950152321,0.2533397556115409,0.0,0.010917662776587731,0.05785123966942149
2023-08-23,372.9390648960076,383.0959489014912,372.9390648960076,381.759765625,1582200,0.0,0.0,0.0235454237359695,DE,-0.3643717151233744,0.07332836914304838,0.1551198049404797,-0.049101508504116875,404.25441589355466,0.21666666666666667,-0.05564478552159535,,-0.015404221241933977,-0.006901474845508071,0.06495047351229624,-2.638317229453772,-0.15403945891033521,0.04655186455644397,-0.100118615013961,0.0,0.15,-0.1154668179753037,0,0,0.02723186956647959,0.02920847493244243,0.85,-0.0705202881142303,0.2649128948356517,0.0,0.011135980540300367,0.049586776859504134
2023-08-24,377.9933779292169,379.6490694737795,373.5878431401363,374.3624572753906,1379900,0.0,0.0,-0.0193768673801935,DE,-0.4241919126607192,0.03773364403945,0.17242131508365904,-0.1278599418531159,404.05357482910154,0.18333333333333332,-0.0734831205645664,,-0.016155945505148463,-0.01061935468468822,0.009554392750078123,-19.328391107487203,-0.35794714312302256,-0.036540021099850294,0.051274727307452354,0.0,0.2,-0.11129880899639566,0,0,0.01587706950657844,0.027831345896311616,0.4,-0.0786220708175388,0.26456707510411975,0.0,0.011575326777254563,0.03305785123966942
2023-08-25,375.8728775929687,379.5909363979222,373.9557410558891,377.8190307617188,1099900,0.0,0.0,0.0092332268344563,DE,-0.4795950539494771,0.1346272831734655,0.18367670575093673,-0.2029132545836655,403.9062261962891,0.18333333333333332,-0.06458725749350669,,-0.014918270608004993,0.0129798233279097,-0.22500741320108641,-0.2708259453539183,-0.7402036044122162,-0.023686632370510097,0.06968074328588661,0.0,0.25,-0.021162107007673524,0,0,0.015052779018083171,0.02245846565835024,0.25,-0.0165687807086098,0.2557160931742899,0.0,0.011857957155513583,0.024793388429752067
2023-08-28,380.4334147358734,383.4252903495979,379.0488305012541,382.1568908691406,1247000,0.0,0.0,0.011481317123376,DE,-0.39497580935704835,0.22283264302547812,0.18921958148046863,0.13373943085735074,403.70142639160156,0.21666666666666667,-0.05336749913180172,,-0.01125590478952041,0.001040249077821187,-0.11867901825478573,-0.6809853686865367,-0.5108077360637088,-0.03661042437269856,0.050778964494684706,0.0,0.25,0.06504890510897532,0,0,0.011583481751886499,0.018473207649979596,0.15,0.0106044328064286,0.26054914851714417,0.0,0.011458965612420635,0.03305785123966942
2023-08-29,381.6823810044581,392.73972786696777,380.7818902489065,391.26800537109375,1875600,0.0,0.0,0.0238412932479947,DE,-0.3278444967571906,0.35916297833025973,0.18763337913311054,0.5040898155573377,403.65741943359376,0.3333333333333333,-0.030692893196128224,,-0.005888416199271008,0.045158235734271246,0.05159090829475799,2.651595147380593,0.12723120379830521,0.00020415991245840816,0.016993989012208652,0.0,0.25,0.16553698354234037,0,0,0.031290388591098055,0.02020711768682515,0.9,0.048724393561603,0.27662422196024,0.0,0.011733012453851971,0.024793388429752067
2023-08-30,391.0453179841716,402.39315679253593,390.648333770532,400.1468200683594,1815500,0.0,0.0,0.0226924117877838,DE,-0.19411661434838465,0.48777355921172044,0.1847228523028321,-0.032043079547877995,403.78423278808594,0.5333333333333333,-0.009008307963415563,,0.00035690751336976613,0.059096518408894516,0.05500259408600576,1.633808022484011,0.14745291366451774,0.03562655681903024,0.0962327794256244,0.0,0.25,0.2484260215560748,0,0,0.030017335587827244,0.02076421089109468,0.85,0.0478713816134173,0.2882627097192725,0.0,0.011033966876953986,0.04132231404958678
2023-08-31,400.9020066784355,404.03914195058354,397.6390243216952,397.8907775878906,1515500,0.0,0.0,-0.005638036758816,DE,-0.218042615580525,0.4655863255992539,0.1837775849342637,-0.1652437345083999,403.69970703125,0.5166666666666667,-0.014389233735336182,,0.005834139077651048,0.041171275710785604,0.04752583555494896,-0.19030379834169886,0.09826799043408951,-0.007967535868797171,0.10692364829638812,0.0,0.25,0.33399655786803556,0,0,0.0159944233164091,0.02078768165306081,0.45,0.0616102122347948,0.28608063191635624,0.0,0.010942279769965986,0.09090909090909091
2023-09-01,401.5023932333257,406.0821757511203,401.4152251315688,405.5980529785156,1249700,0.0,0.0,0.0193703293083302,DE,-0.15516196325940895,0.5741503860075383,0.1827802002918769,-0.17538766083800728,403.7867022705078,0.6,0.004485909758351392,,0.008886656699933652,0.036624634293393576,0.0530309543040806,-2.4279927645152255,0.1361941994726794,0.02709360717974775,0.07944097777059869,0.0,0.25,0.4219011784348501,0,0,0.011729225411666244,0.020122970931777426,0.2,0.0717473147086687,0.2947024958739198,0.0,0.010963077156238387,0.6942148760330579
2023-09-05,407.5345077979883,409.9067209920258,400.7180514928024,401.26995849609375,1474000,0.0,0.0,-0.0106708956086905,DE,-0.14550375507452118,0.5268268386984208,0.17853687817765468,0.1794830759382251,404.0041247558594,0.55,-0.006767669170253843,,0.00959702973915176,0.0028068158271068455,0.062179683320255474,-1.2746254374540575,0.1820368885324779,0.05503713686475365,0.05097277542874373,0.0,0.25,0.4827000175694386,0,0,0.022654619349738666,0.022337198451347857,0.65,0.0495951019766022,0.2924254103825582,0.0,0.010408044133118596,0.8429752066115702
2023-09-06,399.0332938718073,403.2064292274361,397.6003095752232,401.1343994140625,1002600,0.0,0.0,-0.0003378251452944,DE,-0.08293468388981566,0.536873657415735,0.17418784229831033,-0.31981004070556307,404.10802490234374,0.5166666666666667,-0.0073584915543308815,,0.008636974140803126,0.008152040732975818,-0.10260028793232467,0.22495756739102532,-0.46545105566218814,0.03161455601309157,0.03507205768709865,0.0,0.25,0.5182421533865338,0,0,0.01397094283664764,0.018873309300457778,0.3,0.025415983583313095,0.29240588579666205,0.0,0.010603344333401127,0.8925619834710744
2023-09-07,398.1037936980261,402.238191037872,392.5266905775644,398.65570068359375,1028800,0.0,0.0,-0.0061792225600432,DE,-0.06306188005926813,0.5191691496792604,0.16548851660322633,0.026132056652703017,404.175478515625,0.4666666666666667,-0.01365688451041902,,0.007989920327189206,-0.017116335356988532,-0.09096526069220848,-0.2620002412361184,-0.4333241531258606,0.023739527054705434,0.0440787468220747,0.0,0.25,0.5245212714800417,0,0,0.024210091367115872,0.017711860456315502,0.7,-0.003455650764513902,0.2857194318822839,0.0,0.010281150444975632,0.8347107438016529
2023-09-08,398.4330171389729,400.0596624623821,386.388040939834,386.968994140625,1837500,0.0,0.0,-0.0293152876603269,DE,0.0409883879707715,0.3602598550588731,0.15798625848628234,0.786061430793157,404.0924041748047,0.15,-0.042374986159780303,,0.003969535340219652,-0.03563925993629535,0.09929577236810291,1.7820971847792815,0.21247113163972275,-0.00773922723286347,0.05166618199869232,0.0,0.25,0.5034559773719656,0,0,0.03429430834453068,0.021371837461939817,0.95,-0.027132901666024802,0.3003529291228515,0.0,0.009948241358127784,0.6859504132231405
2023-09-11,390.4934159745894,391.17119967461736,385.07126456840194,387.6564636230469,1428200,0.0,0.0,0.0017765492657844,DE,0.13221451670263262,0.39022168249170197,0.14723270868889796,-0.22274829931972784,404.0680041503906,0.15,-0.04061578832961865,,0.0002660252647160437,-0.033599551199555266,0.08982364467175881,0.3355561022760181,0.14283428022725464,0.004595785374321934,0.06958224138970828,0.0,0.25,0.4666702366687983,0,0,0.015763369155097445,0.022178666210626058,0.35,-0.04472668170857061,0.29539853424931034,0.0,0.009637960530611058,0.6198347107438017
2023-09-12,386.7269445687402,392.8268794918932,386.6204221968999,389.4864501953125,1127800,0.0,0.0,0.0047206399066908,DE,0.23989381288014344,0.44447229217593703,0.12971777931810444,-0.2103346870186248,404.0112646484375,0.2,-0.03595150859410856,,-0.002740046004730124,-0.023000424859241475,0.011860092080388828,-0.2523559547066603,-0.23487109905020354,-0.0022438871697148953,0.07982887791931756,0.0,0.25,0.45019932736430157,0,0,0.016010199435313413,0.020849782227741007,0.45,-0.029335146193189304,0.296775779564771,0.0,0.009615848185913267,0.6859504132231405
2023-09-13,389.0797370452885,393.9790565194307,386.9883233867942,389.4573669433594,1104200,0.0,0.0,-7.467076695100161e-05,DE,0.13067298899946664,0.4681066874392838,0.11463688552109286,-0.020925696045398068,403.9289630126953,0.2,-0.03582708197352291,,-0.004442180565266942,0.006430419078563343,0.07163696101242183,-1.5222751046333316,0.1013365250349092,-0.007687193668504761,0.05349447385174443,0.0,0.25,0.4364459333690113,0,0,0.0179485913544127,0.021645311931294018,0.45,-0.0290719918148459,0.2965823494747164,0.0,0.009142333276674214,0.5702479338842975
2023-09-14,393.3884719320296,399.0623763710071,392.2653036077406,398.6072998046875,1272400,0.0,0.0,0.023494055159724,DE,0.381422146130931,0.6999548524303716,0.10653796413612202,0.15232747690635762,404.06490417480467,0.45,-0.013506751795885008,,-0.0033326326805323747,0.028248816179392122,0.09687604506315275,-1.1000090928614836,0.23678071539657863,0.03774515097811644,0.05732523144456813,0.0,0.25,0.47260307391923356,0,0,0.01745267477314155,0.020293828612499155,0.45,0.0006012859049212976,0.3089163566683326,0.0,0.008463059474250273,0.4628099173553719
2023-09-15,398.7138350103616,401.6960182409546,395.9930674353648,399.0236511230469,1986200,0.0,0.0,0.0010445150366371,DE,0.3498892227438841,0.7276974780166374,0.10217233440222931,0.5609871109713926,404.2767578125,0.48333333333333334,-0.012993837978411582,,-0.0024962026518000656,0.024486605177026943,0.05186118109879987,3.7217297092215422,0.08092517006802713,0.05403046608785516,0.046267979500366097,0.0,0.25,0.5460905985107865,0,0,0.014307191083515339,0.01629640516029609,0.2,0.030961088601885296,0.30661400276584505,0.0,0.008498455188921228,0.6611570247933884
2023-09-18,397.8907757643241,400.4663121306177,394.5697010611449,397.7939453125,969300,0.0,0.0,-0.0030817867740067,DE,0.27353354623673326,0.6790050885648528,0.10258728651556957,-0.5119826804954184,404.38442565917967,0.43333333333333335,-0.016297562241514685,,-0.0005677905339448413,0.021405625048435795,-0.005985695136338243,0.3572380391875062,-0.3213135415207954,0.032611842907054725,0.022468799912486855,0.0,0.2,0.6038472797254164,0,0,0.014777597901470013,0.016099250909570602,0.25,0.026102752562094197,0.3013878971762159,0.0,0.008331189139071181,0.36363636363636365
2023-09-19,389.8059365439232,391.12276573592334,385.758677609148,386.02978515625,1957300,0.0,0.0,-0.0295735022990565,DE,-0.07452520969962578,0.3713704411821932,0.09888538924516306,1.019292272774167,404.2217608642578,0.13333333333333333,-0.0450049390441325,,-0.0007528307027034253,-0.03155364855234799,0.2399396968222201,0.5902007041738542,0.7355027487143111,-0.022784120121574603,-0.042755784689385415,0.0,0.15,0.5892269095266677,0,0,0.01348458967257891,0.015594128957023699,0.15,-0.008191389643653103,0.31475679671616436,0.0,0.007820025963231723,0.2231404958677686
2023-09-20,388.9732450851816,396.1576095889784,386.8624476025638,389.5541687011719,1289700,0.0,0.0,0.0091298228282963,DE,-0.1754436534742517,0.4345583805967637,0.08883159642963502,-0.3410821028968477,403.99964599609376,0.25,-0.0357561632493647,,-6.072084279922598e-07,-0.023731631935157926,0.17590841545193017,-0.3004483875577069,0.16799492845498998,-0.034876764616155215,-0.13363850218250842,0.0,0.1,0.5825172481581637,0,0,0.024078872521850286,0.016820185190511216,0.75,0.0010131039515941988,0.2599944452067264,0.0,0.008402302281845382,0.3305785123966942
2023-09-21,386.3590204377995,387.017420319822,373.78152020522776,375.3307189941406,2209100,0.0,0.0,-0.0365121229595725,DE,-0.32068124911198626,0.060236337602746284,0.09397473084684944,0.7128789641001783,403.611767578125,0.05,-0.07006993070019985,,-0.0012947898523837334,-0.056469502824414874,0.2880187128906943,0.16481022329833445,0.736167871738447,-0.06741495145366003,-0.17714216184364437,0.0,0.1,0.45457354519263865,0,0,0.03397704652660909,0.020125059541204728,0.95,-0.0589930741677023,0.2841995567653274,0.0,0.009329908979341583,0.24793388429752067
2023-09-22,369.6084023794249,371.3802788205861,365.58049715009287,368.7756958007813,2410500,0.0,0.0,-0.0174646594633297,DE,-0.5366638382614543,-0.07222331416272712,0.1003053138687591,0.09116834910144411,403.05638305664064,0.016666666666666666,-0.08505184062806903,,-0.0048009898553612275,-0.04469626443069641,0.1940549605167046,0.463728805552627,0.2136240056389085,-0.09972442362261873,-0.22401013263198669,0.0,0.1,0.29458938675676577,0,1,0.015452456665514203,0.0203541126576045,0.4,-0.07750224866766911,0.2862884759126552,0.0,0.009373175593634712,0.2892561983471074
2023-09-25,367.0038097256983,372.9778683551884,366.3453802801556,372.1839294433594,1383600,0.0,0.0,0.0092420234884982,DE,-0.42531481581014957,0.04388528214628403,0.10523640553303491,-0.42601120099564405,402.47117736816404,0.03333333333333333,-0.07525320974003347,,-0.007164576471090569,-0.04459004845392189,0.21124925641665948,-1.1637231473575305,0.42742185082017947,-0.10496419554434326,-0.15325722649716997,0.0,0.1,0.16756542547305203,0,0,0.017985155070023233,0.02099562409131514,0.65,-0.06517843840516421,0.27585981722932457,0.0,0.00958794574125905,0.36363636363636365
2023-09-26,365.9967978368638,369.7439031821943,365.26092180367993,367.5750427246094,1270400,0.0,0.0,-0.0123833576738336,DE,-0.4629380872519405,0.003314925924920292,0.11683888380454249,-0.08181555362821624,401.67779663085935,0.016666666666666666,-0.08490076920430412,,-0.00941188291428693,-0.020663579816530664,-0.008972308863817146,6.914129640145251,-0.3509426250447044,-0.14649416424898148,-0.11036564247600807,0.0,0.15,0.09395432242159743,0,0,0.0120450697192088,0.020707720100641123,0.1,-0.04798829377994131,0.2712488448696966,0.0,0.010032652568172835,0.3305785123966942
2023-09-27,369.6470331336207,374.0912759426977,368.1946650437848,372.15478515625,1403900,0.0,0.0,0.0124593399967902,DE,-0.3497010877399353,0.14608735805065715,0.1241957566111448,0.10508501259445846,400.76377197265623,0.05,-0.07138616017008192,,-0.010329219681941972,0.009162993640703831,0.08026111423444408,-1.730067940104915,0.08854772427696367,-0.17094332574837096,0.0027001185622516125,0.0,0.15,0.03626011791237613,0,0,0.016041923997899526,0.01910033039585097,0.55,-0.0446587766114474,0.27288012757958807,0.0,0.01035090814735761,0.4380165289256198
2023-09-28,373.1167286819775,378.0916136533126,372.1450705343682,373.8260498046875,1309200,1.35,0.0,0.0044907783403504,DE,-0.1978410784174889,0.21226635817000702,0.12651736169545783,-0.06745494693354226,399.79390014648436,0.1,-0.06495309291182849,,-0.008881381041122688,0.004412120544226905,-0.07580566797230001,-0.2821024169304493,-0.40736046353718713,-0.18242385732698366,0.12440116000727905,0.0,0.15,0.06666612202582828,0,0,0.015978682408847034,0.015500657572298557,0.45,-0.0036558753115245,0.2701956946799162,0.0,0.010759483969002724,0.3140495867768595
2023-09-29,372.8544228917559,376.0123121360282,365.07143098856113,366.6843872070313,2124300,0.0,0.0,-0.0191042400640285,DE,-0.2933279400955081,0.11835810102594817,0.1336205778992931,0.6225939505041247,398.6141925048828,0.016666666666666666,-0.08010202822234025,,-0.007592305196426125,-0.002423057645525084,0.0304794523082361,6.92785056745795,-0.11873055382700681,-0.2213231449859815,0.08087597940406467,0.0,0.15,0.10478240506356333,0,0,0.02926730535013096,0.01826362730922191,0.9,-0.005295455912223298,0.26204919012039246,0.0,0.01123704305849206,0.11570247933884298
2023-10-02,368.4430980819312,369.8422883489247,360.0479564799701,363.2447204589844,1989800,0.0,0.0,-0.009380455967177,DE,-0.36126732789411536,0.09761251572716394,0.13597968370119737,-0.06331497434448996,397.41797790527346,0.016666666666666666,-0.08598820221070735,,-0.005956978675278526,-0.023941824887525498,0.10301869763846691,0.5382616060854433,0.4381324082104654,-0.22522775176744658,0.038938612857138365,0.0,0.15,0.1155278517797393,0,0,0.02671052330194982,0.020008700955607223,0.85,-0.023917935367898498,0.24661494613082774,0.0,0.011410521218691076,0.10743801652892562
2023-10-03,361.8552433981747,363.25443361542193,359.9993726287335,362.2147521972656,1212200,0.0,0.0,-0.0028354665703532,DE,-0.3705388651854801,0.12226902687077723,0.13920574221594662,-0.3907930445270882,396.09155822753905,0.016666666666666666,-0.08552771531377235,,-0.005414836347035411,-0.031060696849479652,0.04122319945869253,-2.3957775102916883,-0.04581234256926947,-0.253647245600926,-0.029921568880081628,0.0,0.15,0.1393186719689107,0,0,0.008961068952565723,0.01939190080227861,0.05,-0.014370044264418099,0.24661109172264065,0.0,0.01233948685138176,0.36363636363636365
2023-10-04,361.8260685791032,367.8503313497727,359.66898628844524,366.3151245117188,1219000,0.0,0.0,0.0113202797224007,DE,-0.4642609863792177,0.2254755621830028,0.13650597859364627,0.005609635373700739,394.7747216796875,0.05,-0.07209072821805507,,-0.002838845169280078,-0.001007031409559378,0.021328124014540983,-4.066264008149293,-0.13170453736021082,-0.24801338646100204,-0.09207579795455613,0.0,0.2,0.15519631279537985,0,0,0.022587001251875675,0.02070091625307384,0.7,-0.015509104538807598,0.23878059662311893,0.0,0.012303452519645831,0.24793388429752067
2023-10-05,365.0617808921036,368.1128025994221,362.6229383935437,365.0423583984375,997200,0.0,0.0,-0.0034745115014778,DE,-0.48305195267377826,0.2272152363195121,0.1340393800375467,-0.18195242001640688,393.69153076171875,0.05,-0.07277060877548092,,-0.0022303682918703403,0.004948834320789741,-0.0015713706020319407,98.01431497644803,-0.23831347387717694,-0.21545578297037024,-0.07967518572775062,0.0,0.25,0.15818608842528084,0,0,0.014986725468122948,0.020502524864929022,0.3,-0.0234743943806358,0.23779283878799484,0.0,0.012029285560263994,0.4628099173553719
2023-10-06,362.8560905224939,371.05688923143646,361.76783793313535,367.8115539550781,1203400,0.0,0.0,0.0075859567881109,DE,-0.4136113520133156,0.3018701632935866,0.13523958410185755,0.20677898114721227,392.7475732421875,0.11666666666666667,-0.06349121162292348,,-0.0020528963374956692,0.015451611851425628,-0.08473436447341443,-0.8839725654980221,-0.4335075083556936,-0.18746524694333558,-0.03735483321072311,0.0,0.3,0.19488850087880855,0,0,0.025446502534816146,0.01973836430186606,0.85,0.0032158024715035994,0.24082353720666175,0.0,0.013238421867657339,0.5785123966942148
2023-10-09,367.7046643551881,373.0196367458789,366.83017776577015,372.08685302734375,831200,0.0,0.0,0.0116236127611906,DE,-0.21138682141181278,0.3995687639958394,0.13392981289790137,-0.3092903440252618,391.9183648681641,0.15,-0.050601129261935385,,-0.0005909457103824286,0.015756184032309273,-0.13392943840956878,-0.2719153840274338,-0.5822695748316413,-0.16049128600559215,0.0603427570151215,0.0,0.3,0.2552797505325436,0,0,0.016827799218250544,0.017761819485126205,0.55,0.0242198711998712,0.24621095224327802,0.0,0.013514414141802173,0.6115702479338843
2023-10-10,375.3515721538291,380.8414650182898,375.1864068559192,379.7629089355469,1317400,0.0,0.0,0.0206297423457717,DE,-0.133345701157581,0.562726924134253,0.13074353201945688,0.5849374398460059,391.1944580078125,0.3,-0.02922216518731291,,0.0011734325336312179,0.04032559564236138,0.06121665846505002,1.6847010450996072,0.08678435901666393,-0.13334279573781005,0.14168161131012344,0.0,0.3,0.3433713299852388,0,0,0.015198220835701045,0.01900924986175327,0.35,0.04768508011599609,0.24013884263742302,0.0,0.01326690525857088,0.6942148760330579
2023-10-11,380.2875976774138,381.3661240649057,376.40096480978656,378.3248291015625,942500,0.0,0.0,-0.0037867832801661,DE,0.06120307992633741,0.5461867045010839,0.12708672532073917,-0.28457567936845296,390.36742797851565,0.2833333333333333,-0.03084939473386583,,0.003145129730635273,0.028583319456485512,0.0031795955166192824,5.4381741039360145,-0.226825266611977,-0.15471773194879418,0.1791681655009244,0.0,0.3,0.40751355844885495,0,0,0.01307436597490839,0.01710672280635981,0.15,0.0325780171134293,0.24017628772430602,0.0,0.012556315644139367,0.512396694214876
2023-10-12,378.75235459639305,379.9183562977551,367.1507533131955,371.4454956054688,1375200,0.0,0.0,-0.0181836690772599,DE,0.055994792666311924,0.4228816878121064,0.11465232643216038,0.45909814323607434,389.4591638183594,0.15,-0.04625303468605002,,0.004205180166531069,-0.0017236766541380844,0.13138970816711554,0.40288771184516603,0.3790613718411553,-0.16989150945794962,0.13900467774908964,0.0,0.3,0.44664684874737387,0,0,0.03374772682744575,0.020858923078224373,0.95,0.017868859537647195,0.24607084782231026,0.0,0.012962750132904079,0.47107438016528924
2023-10-13,372.1450754629808,374.88515859216494,368.0252543514042,369.8713989257813,1074200,0.0,0.0,-0.0042377595052583,DE,-0.03729105710028833,0.40611257719036836,0.09786567079505624,-0.21887725421756832,388.64703247070315,0.15,-0.0483102454830584,,0.003816299811839909,-0.026046540557346343,0.04625846109415941,0.11886881168296803,-0.10736247299318602,-0.15525744849605985,0.05675947591309566,0.0,0.3,0.46749533152673023,0,0,0.018468131453792027,0.01946324886201955,0.65,0.006045143244277997,0.24607564722562278,0.0,0.013527559686317088,0.6776859504132231
2023-10-16,374.03983920240165,381.4535664246152,373.17504916361,379.4714050292969,1202600,0.0,0.0,0.0259549836278147,DE,0.21320902611007994,0.743417400194,0.07817421912271548,0.11953081362874696,388.0249639892578,0.35,-0.022043836747054568,,0.004104817844330713,0.0030306652895535358,0.13202269262496116,-0.6552773694301007,0.44682386910490846,-0.10979826569123091,0.05762033010422341,0.0,0.3,0.5362650587663623,0,0,0.022382150350225748,0.02057411908841459,0.65,0.020376514110902095,0.24928247092359068,0.0,0.013129524913574888,0.859504132231405
2023-10-17,377.87792096991154,384.1062544624858,377.0228568897381,380.0350036621094,899800,0.0,0.0,0.0014852202968205,DE,0.15328723413269926,0.7925369054756585,0.07303201914510123,-0.2517877931149177,387.2733868408203,0.38333333333333336,-0.018690628957899746,,0.0037599960212154533,0.023124544942022762,-0.035322353967223566,0.7756888381632218,-0.31698800667982385,-0.13703979433784766,0.03134018333837813,0.0,0.3,0.5822270550346433,0,0,0.01866648574535115,0.02126777207034461,0.6,0.001231992061950896,0.2493539582049644,0.0,0.013180910914678975,0.6942148760330579
2023-10-18,377.35321328694687,379.3257081554616,367.31599582560943,371.39697265625,1495000,0.0,0.0,-0.0227295668099548,DE,-0.031618223037967824,0.5101361055635781,0.05828179295008943,0.6614803289619915,386.3655078125,0.16666666666666666,-0.03874190333655281,,0.0023222593843327958,0.004124605835702511,0.15388884769886532,0.24163793420699364,0.5862068965517242,-0.16423611999597726,0.0014338307021396525,0.0,0.3,0.5750169352471423,0,0,0.03160159515340341,0.024973217906043614,0.9,-0.017710791467837807,0.2589680105310275,0.0,0.013616256820551773,0.5702479338842975
2023-10-19,370.823676525145,375.4196011661441,369.47305729609946,370.5613098144531,1348000,0.0,0.0,-0.0022500529172873,DE,0.08057249195391279,0.4822402939675449,0.05736674339458195,-0.0983277591973244,385.3318902587891,0.16666666666666666,-0.038332099724256,,0.00037497965964873467,-0.023480280982320245,0.04240366721218558,1.8466527940977393,-0.019778941244909864,-0.19064221420616265,-0.0008460283752205797,0.0,0.3,0.58688865647823,0,0,0.016011287942157056,0.021425930128985873,0.4,-0.001777175307865204,0.24121054296992703,0.0,0.013929584154862866,0.6363636363636364
2023-10-20,369.609118344872,371.57185745383526,364.19697444782025,364.5176086425781,1468100,0.0,0.0,-0.0163095849777226,DE,0.031444716597157196,0.2174471930618588,0.05927188384918758,0.08909495548961432,384.20683349609374,0.05,-0.051246420253261316,,-0.002137323518694585,-0.0408314888628728,0.1039981091536221,0.0890288471519805,0.3666914913423944,-0.20635182525768997,-0.04004513961825727,0.0,0.25,0.5491555796525281,0,0,0.019901923948044523,0.021712688627836374,0.65,-0.013849000780329503,0.24280662061104918,0.0,0.014326738606791107,0.6363636363636364
2023-10-23,362.6325903246636,369.4439245807449,360.9516404225777,362.6908874511719,1308100,0.0,0.0,-0.0050113386791073,DE,0.016926361498522623,0.1720846187370355,0.06227418699512248,-0.10898440160751988,383.0355590820312,0.03333333333333333,-0.053114315756000896,,-0.004057324359290808,-0.023441454416851526,0.05829506610636874,-0.491943160222698,0.08772659238316982,-0.2144254049452644,-0.019965175719319123,0.0,0.2,0.43488902336113516,0,0,0.02329732215075011,0.021895722987941246,0.75,-0.0448153230872515,0.21192467537980428,0.0,0.014259881150795196,0.5785123966942148
2023-10-24,365.0325454082825,367.1313306783074,361.0584669291572,362.98236083984375,899100,0.0,0.0,0.0008036413341405,DE,-0.05483657732598829,0.2049355284087237,0.06447750868198215,-0.3126672272762021,381.8203466796875,0.05,-0.049337302225140656,,-0.0042703640027909415,-0.020452618160283098,0.04611917927411187,-4.247585897492765,-0.0007779506557012983,-0.22382369282133197,-0.010915526445316603,0.0,0.15,0.3173687479477482,0,0,0.01674391047381298,0.021511207933633612,0.4,-0.0454969020499315,0.2042608763481279,0.0,0.01406718231650751,0.34710743801652894
2023-10-25,361.6900494514071,365.3337678079136,360.53377378739657,361.3694152832031,773900,0.0,0.0,-0.0044435921153542,DE,-0.0611518554567833,0.1750827815693,0.06758238818437518,-0.13925036147258374,380.688291015625,0.016666666666666666,-0.05074722860764047,,-0.004432633137051201,-0.008636601592714621,-0.11402695881280318,0.42411671095277415,-0.4823411371237458,-0.21287231865642128,-0.036877448393256816,0.0,0.15,0.2503580831488926,0,0,0.01322376660235262,0.017835642223423456,0.15,-0.027210927355330903,0.20154883247193195,0.0,0.014684274137313158,0.5371900826446281
2023-10-26,360.48523270168926,364.177522415468,358.99859667476704,359.0666198730469,1124900,0.0,0.0,-0.0063724136929285,DE,-0.1587209662821583,0.13151390008430125,0.07122732115692662,0.453546969892751,379.6600640869141,0.016666666666666666,-0.05424179723351896,,-0.005619237614483265,-0.00999271750000319,-0.003652012994788101,-19.13021859282159,-0.1655044510385757,-0.198629302555146,-0.04801446075740887,0.0,0.15,0.18021280437224388,0,0,0.01433138921466902,0.017499662477925847,0.2,-0.0313332881309721,0.19857363540830728,0.0,0.014069280928403528,0.6033057851239669
2023-10-27,358.5418907953186,359.4066808627612,348.63096487975133,350.91436767578125,1436400,0.0,0.0,-0.0227040101921698,DE,-0.36897555380263614,-0.05481037515028498,0.08347913757088289,0.2769135034225265,378.5613555908203,0.016666666666666666,-0.07303172261703905,,-0.007916885485884656,-0.03324677578309976,0.03391169659179434,4.535337838571012,-0.021592534568489863,-0.2127165772530479,-0.10011889783059356,0.0,0.15,0.12576129072981507,0,1,0.030010352916736722,0.01952134827166429,0.9,-0.0377277133454193,0.2055357848459831,0.0,0.014049859992640334,0.49586776859504134
2023-10-30,354.8788065042221,358.872308276909,351.41970498805733,357.3759460449219,1277500,0.0,0.0,0.0184135474758064,DE,-0.3888458322897367,0.17753076928497935,0.0867654864989776,-0.11062378167641329,378.0206188964844,0.03333333333333333,-0.054612557674309725,,-0.006890322938500324,-0.011050933115497874,0.033583820578015657,2.4423985775806365,-0.02339270697958873,-0.10891517508014076,-0.12298043859075539,0.0,0.15,0.12685052083940387,0,0,0.021237669287275558,0.01910941769896938,0.65,-0.014302827190505601,0.2164037752280371,0.0,0.014067772725497394,0.3305785123966942
2023-10-31,351.74024775570166,355.52970858276007,349.20423423581946,355.0050048828125,1233200,0.0,0.0,-0.0066343053816256,DE,-0.4000348874955816,0.13342491413548876,0.09133251852714107,-0.03467710371819965,377.5531066894531,0.03333333333333333,-0.059721669368190344,,-0.005369029841492944,-0.011311591680870814,0.08918184528961615,-0.39809025582220503,0.3715938160382606,-0.09561156007720825,-0.12532068334727559,0.0,0.2,0.11254839798475688,0,0,0.017699776431359213,0.019300590890478624,0.45,-0.021740773906271705,0.20851695752312915,0.0,0.01413711348554968,0.24793388429752067
2023-11-01,354.53867911658745,361.816390168867,351.1184229820405,359.9702453613281,1073000,0.0,0.0,0.0139863957133636,DE,-0.19855654884054105,0.294754281017566,0.09313175611949766,-0.12990593577684073,377.29295471191404,0.08333333333333333,-0.045913153517040506,,-0.00381664669851635,0.025806517258118777,0.09105073042876474,-1.6238160984734096,0.38648404186587415,-0.04904570672748577,-0.015887338580028647,0.0,0.15,0.13648269787441009,0,0,0.030134693989336526,0.022682776367875405,0.9,-0.0033107860775539073,0.21272382043620125,0.0,0.013851047665938289,0.3884297520661157
2023-11-02,364.8576142893765,367.68514290117565,361.3596392205192,362.97259521484375,1259300,0.0,0.0,0.0083405500654698,DE,-0.11239459469766402,0.3861228694843151,0.09356384334067686,0.17362534948741848,376.9172113037109,0.15,-0.03699649596959087,,-0.0015664997469067876,0.015660396934544574,0.03506640634769824,-0.6440878478711541,0.11947728686994408,-0.0760263888768813,0.09960532952391969,0.0,0.1,0.18740449175441282,0,0,0.01757229593881311,0.02333095771270422,0.4,0.011402177680844394,0.2144971010109337,0.0,0.01387082391585832,0.17355371900826447
2023-11-03,368.7443389974233,373.72895101209065,366.7815998310769,371.3678283691406,1173200,0.0,0.0,0.0231291101999799,DE,-0.13299231266553221,0.6246831216810189,0.09413897656271368,-0.06837131739855473,376.8573187255859,0.35,-0.0145664952852953,,0.0010982772073701472,0.046091810710470194,-0.03399055781651801,-0.8614374125364991,-0.18323586744639375,-0.004100887580665216,0.1060937117603466,0.0,0.05,0.3233031911206736,0,0,0.01914015347880906,0.021156917825118693,0.6,0.0572352980729941,0.22530649449604,0.0,0.013727347090318804,0.2809917355371901
2023-11-06,372.41719473698726,373.6511901119737,364.5370601001519,367.5297546386719,925900,0.0,0.0,-0.0103349655981876,DE,-0.19890978507082707,0.5203929557142757,0.09332672378601777,-0.21079099897715647,376.651533203125,0.26666666666666666,-0.024218084251189875,,0.002607306407678621,0.021000372599562223,-0.05402400127666664,0.5380815290798912,-0.27522504892367905,-0.03692363063004734,0.05911059078538548,0.0,0.05,0.3918756284065329,0,0,0.024542055922954914,0.02181779515225456,0.8,0.028486784999000092,0.22801881157090612,0.0,0.013167941903451632,0.2809917355371901
2023-11-07,356.5013783611975,361.9523961405576,352.72164348105514,358.7750549316406,1711400,0.0,0.0,-0.0238203835105492,DE,-0.20428549509020955,0.2855188839687107,0.08931610928589068,0.8483637541851172,376.183896484375,0.06666666666666667,-0.04627747682829764,,0.002688928188099759,-0.011564344907963653,0.12258417030399674,1.2824845390400978,0.3877716509892961,-0.09420056204407104,-0.011795853106195372,0.0,0.05,0.42229442237317727,0,0,0.02511566082201277,0.023300972030385274,0.8,0.01130070687007649,0.24058207283132135,0.0,0.012501187990031273,0.1652892561983471
2023-11-08,360.29089250094177,362.4868497887627,358.6876622065617,358.90142822265625,1178000,0.0,0.0,0.0003522354446847,DE,-0.19050082004121435,0.30915406687384933,0.08488045893449202,-0.31167465233142455,375.53656494140625,0.08333333333333333,-0.044296982695534615,,0.0026315886781166213,-0.03356887483019322,0.08623042699307996,-0.0624662708191585,0.097856477166822,-0.13814340786526827,-0.027338400829124018,0.0,0.05,0.42517437954443393,0,0,0.010589330361679911,0.01939189930485395,0.05,-0.002333453398602409,0.23646259578110979,0.0,0.011859840519607959,0.1652892561983471
2023-11-09,363.0406766983724,363.5653804561256,357.3467439338899,359.1443176269531,1094900,0.0,0.0,0.0006767579764161,DE,-0.09390750245991057,0.33544784534543864,0.08429373129594295,-0.07054329371816637,374.7165148925781,0.11666666666666667,-0.04155727502453199,,0.0022659727900423503,-0.022815668407480838,0.037396698351963,-0.2813820755060527,-0.13054871754149133,-0.1826594924009129,0.010357766763732817,0.0,0.05,0.41503937471665864,0,0,0.017326864796920603,0.019342813076475448,0.3,-0.009997245487656108,0.22329759935326823,0.0,0.011888846464773556,0.21487603305785125
2023-11-10,361.7969378608016,363.9151456269574,358.56129943893814,363.3904418945313,1311800,0.0,0.0,0.0118228914093208,DE,0.021177352794204296,0.4840747895872023,0.08309031269322716,0.19810028313087957,374.0265081787109,0.25,-0.028436664385021793,,0.001028383404478976,0.012864291704366426,0.09069101845784985,-0.1115044084924581,0.11813842482100245,-0.14999040675330733,0.06352173749709308,0.0,0.05,0.3869177082978953,0,0,0.014907227889319807,0.0184962279585776,0.2,-0.021303464278315205,0.2283598868490544,0.0,0.011779123404937593,0.36363636363636365
2023-11-13,362.2924510779069,363.04064684659846,356.7248687408143,359.28033447265625,1418100,0.0,0.0,-0.0113104444917345,DE,-0.05481420977985735,0.36554723199421624,0.07342074621712198,0.08103369416069528,373.10015380859375,0.13333333333333333,-0.03704050827871619,,-4.819787537157876e-05,0.0010557390419883017,0.14905595708542022,-0.6875841828979729,0.5315908845447672,-0.20683480289541392,0.057018585601772184,0.0,0.05,0.35594856355388343,0,0,0.01738014371775141,0.0170638455175369,0.4,-0.022278943171862107,0.2235514651638356,0.0,0.011555071066876203,0.2231404958677686
2023-11-14,363.09895155046536,367.7046018842093,360.0965313003844,364.33294677734375,2115800,0.0,0.0,0.014063147408565,DE,0.05587373862111946,0.6059948870200415,0.058774683078701304,0.4919963331217827,372.3614135742188,0.2833333333333333,-0.021560952623451146,,-0.0008608390847576132,0.014447198231269498,0.0777824728727533,2.261330726348523,0.23629776790931412,-0.16176738727912665,0.056127232482837554,0.0,0.05,0.42004376416414957,0,0,0.021175861448113606,0.016275885642757067,0.65,0.015604587747252093,0.22928823032406973,0.0,0.011854091931526894,0.2396694214876033
2023-11-15,366.2763128895813,371.1832052090342,362.8658123419475,370.0755004882813,1515500,0.0,0.0,0.015761829287558,DE,0.175033114478546,0.8873065456389826,0.0575161681504538,-0.2837224690424426,371.7402355957031,0.45,-0.004478221478377509,,-0.00020796850958261246,0.018396352306069286,0.0833729095305497,-0.15887930672386108,0.28650254668930386,-0.1296972782654082,0.05609807459452603,0.0,0.05,0.5356742599171762,0,0,0.022829098879629327,0.018723839346346947,0.75,0.031014181590125395,0.21741745600384224,0.0,0.01130486080204075,0.2809917355371901
2023-11-16,370.5710159084605,372.0479257247976,364.760489090128,367.8309326171875,1736200,0.0,0.0,-0.0060651620227014,DE,0.2937326027443197,0.7977453847879523,0.05528023818112168,0.14562850544374784,371.123740234375,0.4166666666666667,-0.008872532959244284,,0.00031896692388137815,0.02379923787668936,0.12660726936293254,-0.37098953396661566,0.5857155904648825,-0.12952603986349387,0.07056614982478432,0.0,0.05,0.6281337678056789,0,0,0.0196917564795684,0.019196817682876507,0.55,0.024272261591007892,0.2178625017539759,0.0,0.010823033548014062,0.2975206611570248
2023-11-17,371.5621102631533,374.3896393395778,368.6665876449927,373.2625122070313,1342600,0.0,0.0,0.0147665112099111,DE,0.27774037741120866,0.9895855624422039,0.06173425163686533,-0.22670199285796566,370.8496105957031,0.6,0.006506415383455089,,0.003033396824394073,0.02450935472257676,0.04164681416516349,-2.3095144754671546,0.023479188900747072,-0.054860670133228664,0.07855221650860783,0.0,0.05,0.7292359223766793,0,0,0.015558919022564177,0.01932715590952538,0.25,0.02721588139159819,0.21063554434146634,0.0,0.010196383671616504,0.2892561983471074
2023-11-20,371.6690188402301,373.92324351786544,368.6860207986263,369.55078125,2197300,0.0,0.0,-0.0099440228676715,DE,0.25201277332961963,0.7961179470159662,0.06421407743457515,0.6366006256517205,370.4874969482422,0.45,-0.002528332820832202,,0.004424213447885045,-0.0014178707793112144,0.15276020046336852,0.22664873454874604,0.5494675974895988,-0.0745224486508424,0.04087819906255439,0.0,0.05,0.8153500653810294,0,0,0.014030936801749555,0.01865731452632501,0.15,0.028582303015661188,0.21335059252930993,0.0,0.010164095858582751,0.19834710743801653
2023-11-21,369.2301347630431,372.6309386358606,368.3459221977918,371.8050231933594,2163100,0.0,0.0,0.0060999517731621,DE,0.21431684318898023,0.8527758400800419,0.06799022280461059,-0.01556455650116051,370.1338684082031,0.5666666666666667,0.004515000997728835,,0.00446946832290442,0.010804122828647067,0.05124802253877989,2.0045416279490147,0.022355610171093776,-0.07194353397625405,0.0029654436169962717,0.0,0.05,0.8647062559930294,0,0,0.011595203299462094,0.01674118289659471,0.1,0.02061910738025829,0.20620236694252028,0.0,0.00971355356674532,0.45454545454545453
2023-11-22,350.7491978748918,362.7588793416314,345.5799689844618,360.25201416015625,6304700,0.0,0.0,-0.0310727620998141,DE,-0.0327826142967298,0.3874507580284518,0.06823728193481403,1.9146595164347464,369.54976135253906,0.16666666666666666,-0.025159662282972062,,0.00239791755233583,-0.034856160534167846,0.49092441963421773,0.7637019688554685,3.160145166611679,-0.11943913019147771,-0.05965458652984216,0.0,0.05,0.7647350984709231,0,0,0.04620408355331884,0.02141617983133261,1.0,-0.02621548400711381,0.23248053372396246,0.0,0.008867754605280304,0.10743801652892562
2023-11-24,360.0187847928884,360.86415233324914,356.44308974143297,359.6981506347656,1275300,0.0,0.0,-0.0015374335288085,DE,-0.19375842487542186,0.3633828477699434,0.06801378928539578,-0.7977223341316795,368.7715783691406,0.15,-0.024604465925767482,,0.00024492544122227736,-0.026661100761059098,0.3022542517191323,0.045001255552888815,-0.26546480820182006,-0.16681280973758533,-0.11126294055429546,0.0,0.05,0.6778625910673215,0,0,0.012272138442092672,0.019932256223837465,0.15,-0.021687755513220913,0.23249380201561415,0.0,0.008115532398938837,0.05785123966942149
2023-11-27,357.92002840590146,358.5516300075894,351.53625606696346,351.9443359375,2322200,0.0,0.0,-0.0215564486044266,DE,-0.2473398706449788,0.03959447926122607,0.06686599608300968,0.8209048851250687,367.8299920654297,0.03333333333333333,-0.043187495502280626,,-0.0023154772693436913,-0.05341694172198075,0.5117756273157391,-0.0808067513595531,0.7296290779085357,-0.1985533326243771,-0.14089083720832704,0.0,0.05,0.4878643744311259,0,0,0.019503502946139055,0.02072117300855244,0.6,-0.05801071532755861,0.24311604023116215,0.0,0.007963578342039259,0.04132231404958678
2023-11-28,351.740269650216,353.53784325713616,348.5921065598758,349.8163757324219,1904600,0.0,0.0,-0.0060462976322938,DE,-0.15878937283554223,0.014252764320516073,0.07337524716061464,-0.1798294720523641,366.8704406738281,0.016666666666666666,-0.04648525215082244,,-0.005580090692561396,-0.02896760605783877,0.34848960777492216,-0.40812822841210555,-0.13320893824238833,-0.20246609335398916,-0.10484982589805339,0.0,0.05,0.33149133789203583,0,0,0.014052610575720874,0.020725507763346706,0.25,-0.05411299009218091,0.24303347192064031,0.0,0.007907028967832444,0.04132231404958678
2023-11-29,352.45933383398454,357.9200489149832,349.4569131466523,353.6253356933594,2263500,0.0,0.0,0.0108884552730343,DE,-0.08324268796773836,0.16453710377251607,0.07439281143061983,0.1884385172739682,366.2223516845703,0.06666666666666667,-0.03439717956390831,,-0.007047397868596817,-0.016883086361966115,0.3892902225299479,-0.7281326301546606,0.04641486755119972,-0.14014351453870744,-0.007697217032457013,0.0,0.0,0.1938435906305307,0,0,0.024193080585811266,0.023245083220616542,0.8,-0.04932448659230871,0.23356396508884414,0.0,0.008054001951628883,0.08264462809917356
2023-11-30,354.2957667421562,356.73463853694506,351.14760337393886,354.0820007324219,1950200,0.0,0.0,0.0012913809983865,DE,-0.07913864260430813,0.2032956361980906,0.07719364230543464,-0.13841396068036227,365.5129083251953,0.08333333333333333,-0.031273608489370885,,-0.0070476188411793235,0.006073871850295953,-0.02132447289307384,-3.2176663052449754,-0.6906752105572034,-0.15553362748029173,0.04640888568905935,0.0,0.0,0.15701256626445842,0,0,0.0157993067777556,0.017164127865503892,0.4,-0.016960343494108108,0.22478861363727848,0.0,0.007764183996539589,0.09090909090909091
2023-12-01,354.56780812219483,360.3977574998037,353.2657896528476,358.3572692871094,1764900,0.0,0.0,0.0120742329343035,DE,-0.07746929525678312,0.3654435773677038,0.07785484175808759,-0.09501589580555836,365.1734393310547,0.13333333333333333,-0.01866556904147121,,-0.006264989307000023,0.024415362307739663,0.11921681477215038,-1.5018234247502338,0.38390966831333806,-0.07502137961737859,0.048161454060744104,0.0,0.0,0.15742471218401052,0,0,0.020142136093344247,0.018738127395754204,0.7,-0.0033486770309961063,0.2273896823365518,0.0,0.007312445645573218,0.11570247933884298
2023-12-04,355.12167372707177,359.87306722835564,353.712757380331,358.473876953125,1405900,0.0,0.0,0.0003253950066302,DE,-0.0062789876214174,0.3875927732835236,0.07462711245442857,-0.2034109581279393,364.96740295410154,0.15,-0.017792071150510846,,-0.004139215809448895,0.013710955552036497,-0.08564635387845121,0.3860262232527579,-0.3945827232796486,-0.04440790755880741,0.033818137505261255,0.0,0.0,0.22702437098847,0,0,0.01719041408111937,0.01827550962275027,0.45,0.018533166580060694,0.22232964882260628,0.0,0.007643515700218017,0.09917355371900827
2023-12-05,357.3564893128325,357.5119581995538,350.54515512335223,350.9046936035156,1572700,0.0,0.0,-0.0211150207483574,DE,-0.2278811246057873,0.15022425374701506,0.07744789954188319,0.11864286222348674,364.5418182373047,0.03333333333333333,-0.0374089444654927,,-0.0033458933145768246,-0.008973365272264555,-0.02595188702328104,0.7883369227255316,-0.1742623122965452,-0.09854643900204721,-0.023908277922013166,0.0,0.0,0.2542186688737698,0,0,0.019434618598756594,0.01935191122735741,0.6,0.0034644434639970953,0.23109573137021838,0.0,0.006526511476481708,0.12396694214876033
2023-12-06,352.7313644101476,359.39695537105223,352.2261127991575,355.1799621582031,3218300,0.0,0.0,0.0121835604727422,DE,-0.2562336066197017,0.31231981734106185,0.07856368387931291,1.0463534049723404,364.2939166259766,0.13333333333333333,-0.025018135224944782,,-0.0008270382617388687,-0.008866311363592394,0.1456310905163934,1.7737925879526837,0.42182460790810694,-0.05397914485394139,-0.05796025148474796,0.0,0.0,0.283775211587479,0,0,0.02043529967711697,0.018600355045618553,0.8,0.004759548663704996,0.21982936874888384,0.0,0.006848201229680958,0.1487603305785124
2023-12-07,354.6650152350805,354.9953755077625,349.97188891272265,350.982421875,2753800,0.0,0.0,-0.011818066136663,DE,-0.28285648497853233,0.19153299568772442,0.08207722191137046,-0.14433085790634803,363.87046936035154,0.06666666666666667,-0.03541932794933167,,-0.0005393327056748581,-0.020898189686230917,0.14444771107119625,0.7969212044705382,0.4120603015075377,-0.09817085441869722,-0.07961970735596645,0.0,0.0,0.2814226834854058,0,0,0.014143496622149846,0.0182691930144974,0.25,-0.008349898471344505,0.22056576626760946,0.0,0.007061328234289515,0.19008264462809918
2023-12-08,351.5459502012094,353.848805209186,350.6423151268081,353.36297607421875,2060500,0.0,0.0,0.0067825453665213,DE,-0.3499154033900604,0.2862225122521793,0.08382048462380105,-0.2517612027017213,363.46120788574217,0.1,-0.0277835202008625,,0.000330521147087367,0.00700555596865482,0.11309864969196366,-0.31801812864875934,0.16748824295994114,-0.09361515860236282,-0.09572864310266785,0.0,0.0,0.2655784704623009,0,0,0.009135756899870846,0.016067917175802724,0.05,-0.013641586039126706,0.20820611731176833,0.0,0.007249949822292867,0.2066115702479339
2023-12-11,354.159719901049,355.5589102079689,350.71034483974347,350.7977905273437,2057900,0.0,0.0,-0.0072593500750237,DE,-0.33828425408088636,0.2295148817790294,0.08628623725869305,-0.0012618296529968154,363.14347595214844,0.03333333333333333,-0.03399671546469296,,-0.00043887640623857044,-0.012337890922201167,0.15352847538695216,-1.0017190541043643,0.4637598691229816,-0.07375553579926901,-0.044358704540236944,0.0,0.0,0.233962892161402,0,0,0.013721203681528456,0.01537407509588454,0.2,-0.021226331120780605,0.20937526174784274,0.0,0.006926552653736341,0.2892561983471074
2023-12-12,350.720069217702,351.1281490911992,345.52169147152284,349.20428466796875,1832000,0.0,0.0,-0.0045425196577764,DE,-0.4135018801662869,0.2062729950614553,0.08991357400592323,-0.10977209776957098,362.86266723632815,0.016666666666666666,-0.03764063873637313,,-0.0018164737770826962,-0.005066171683277387,0.10784548338834062,-2.011379530303988,0.16487569148597947,-0.0653914743372252,-0.05506718776592642,0.0,0.05,0.24517264042429004,0,0,0.015982020899414248,0.014683555556016071,0.5,-0.004653830030199607,0.209632432641139,0.0,0.007095133261304168,0.35537190082644626
2023-12-13,349.16537261661387,367.10217430141785,348.3588797224132,366.3248596191406,3406900,0.0,0.0,0.0490273908507465,DE,0.11233426409747196,0.7316033880827476,0.09084069789541857,0.8596615720524017,362.94486938476564,0.5833333333333334,0.009312682226654712,,0.00018640851395725736,0.036681498692719305,0.07050711680435287,3.0493006412608215,0.05860236770966032,0.028918062869363867,0.09748372411522446,0.0,0.05,0.3290293545726272,0,0,0.053674297257910834,0.021331355072174842,1.0,0.03219000034780469,0.26724761117913726,0.0,0.0075375637359620575,0.5867768595041323
2023-12-14,370.43500041824456,384.1256622927001,369.3662000114816,377.4115295410156,3576000,0.0,0.0,0.0302645851919565,DE,0.2587410212706409,1.0177668150052377,0.09824106728887608,0.049634565147201215,363.16679748535154,0.9333333333333333,0.039223662940273796,,0.003516156836671758,0.07586632451038056,0.10930020141506272,1.3391694786040236,0.2985692497639625,0.05953322944486317,0.19533677139255454,0.0,0.05,0.49427611843612984,1,0,0.04029063792329994,0.026560783332404865,0.9,0.07427265167642419,0.28184383219851267,0.0,0.008074882593047528,0.7355371900826446
2023-12-15,374.992035896334,376.8284840976711,371.6106843931552,375.1280822753906,3891400,0.0,0.0,-0.0060502848665009,DE,0.36737542744325224,0.9183211432453472,0.103862492221095,0.08819910514541385,363.36851196289064,0.9166666666666666,0.032362656436507375,,0.006474191888300959,0.07423676840640936,0.17729226298448975,0.19083096285098003,0.8885707352584324,0.05501085374912194,0.20891341613807968,0.0,0.05,0.6206958446347635,0,0,0.01382522603604991,0.02749867715964068,0.25,0.06143982144340199,0.280062165969249,1.0,0.008372147296397967,0.7024793388429752
2023-12-18,375.8665837063707,378.596970930145,371.8439335864736,371.9119567871094,1404400,0.0,0.0,-0.0085734063650297,DE,0.34840957360829977,0.8376283904384457,0.10276483162996318,-0.639101608675541,363.45052001953127,0.8166666666666667,0.023280849253217273,,0.008383379090922698,0.01525175543308066,0.04972430717998091,-3.6805369295436585,-0.31755673259147676,0.02818731620426064,0.15677346145928545,0.0,0.05,0.7423185463666467,0,0,0.018001950967546667,0.02835482661684432,0.6,0.060125765153395995,0.2772621597406094,1.0,0.008460193342016213,0.5454545454545454
2023-12-19,374.0009820846158,383.0082434237375,372.4365968763816,382.7750549316406,2078500,0.0,0.0,0.0292087897317845,DE,0.40794259383722675,1.0451967440628536,0.11548705189883943,0.4799914554258047,363.6642840576172,1.0,0.05255058500877041,,0.010019882639909754,0.014211344833974238,0.16767701781905603,-0.8636105447906922,0.13455240174672478,0.05566051639622515,0.05241769645441781,0.05,0.05,0.9101032961669263,1,0,0.028425132223988542,0.03084344888175917,0.85,0.09387707454295688,0.29271050790445297,1.0,0.008235567279536811,0.8016528925619835
2023-12-20,382.9888294818842,384.2325508885884,375.9540330551505,376.2843933105469,1592100,0.0,0.0,-0.016956856350665,DE,0.2939698691422029,0.8726603740944339,0.1188458697420973,-0.2340149146018764,363.5947137451172,0.9,0.034900616223824565,,0.01041614299538868,0.003082443276820168,-0.05105827951179957,0.3437378049082225,-0.5326836713728023,-0.004792266771966496,0.008314677232593624,0.05,0.05,0.9383146933692637,0,0,0.021627631494733478,0.024434115729123705,0.75,0.027892827341545395,0.29574683869230284,1.0,0.009064234158575433,0.7520661157024794
2023-12-21,379.8600732824834,382.2989449445179,378.0722256859577,382.1920471191406,923300,0.0,0.0,0.0156999703246214,DE,0.3056158640958256,0.9411796823946964,0.13025312718387527,-0.4200741159474908,363.67205810546875,0.9833333333333333,0.05092497100313631,,0.010199143494579453,0.027641193418032062,-0.14500001573073798,0.42169633225944814,-0.7418064876957494,0.026215790023481275,-0.013234459148026314,0.05,0.05,0.9229972668471553,0,0,0.011232778541181609,0.018622543852700037,0.1,0.013328212474210295,0.2975771856083459,1.0,0.009016592803033905,0.859504132231405
2023-12-22,382.1531995983248,386.4868169897055,381.9588857288674,385.5734558105469,1077300,0.0,0.0,0.0088474072574098,DE,0.3315325482988897,0.9417937399898745,0.1426358811405486,0.16679302501895377,363.9546173095703,1.0,0.05939981929831695,,0.009888538062903806,0.007310823531606614,-0.12928123175602999,-0.5505236037345367,-0.7231587603433212,0.0701420095231866,-0.01017430891084739,0.05,0.05,0.9276917861960609,0,0,0.01184726708723641,0.01822695206293734,0.15,0.028225904598120997,0.2982096923636935,1.0,0.0088355328616265,0.8760330578512396
2023-12-26,385.6026255278113,391.9086787860594,385.4665791243352,389.8973388671875,966100,0.0,0.0,0.011214161637634,DE,0.49456793587376124,0.9511648609603043,0.15369529683125172,-0.10322101550171725,364.3551361083984,1.0,0.07010249129901136,,0.00869899273706193,0.036177279203301715,-0.02210511312126524,3.463528994555054,-0.3120905724864711,0.09397070152078385,0.015424701066786402,0.1,0.05,0.9503990803004324,0,0,0.01670784013951812,0.017968129897331632,0.5,0.048013472600784694,0.27573226081123464,1.0,0.008831565632529941,0.9256198347107438
2023-12-27,388.779866009488,391.14098826886817,387.9830991857176,390.2568054199219,823500,0.0,0.0,0.0009219517983343,DE,0.4670926609966989,0.9026746699835004,0.1599923733915245,-0.14760376772590833,364.57084411621094,1.0,0.07045533596077491,,0.0060540487931727656,0.02110132422056199,-0.14762415775160784,-0.3317041070077682,-0.6038008178975223,0.056350797703322256,0.038823068672891224,0.15,0.05,0.9218946654845619,0,0,0.008099283499409188,0.013902960152415758,0.05,0.019726634667334493,0.27529233159441746,1.0,0.008404644600799812,0.9090909090909091
2023-12-28,390.91999309283386,391.1247825575183,388.4916561080936,389.369384765625,1125200,1.47,0.0,-0.0022739402413289,DE,0.5379452729923913,0.8452955565021847,0.16464941589743323,0.3663630843958712,364.7575317382813,0.9666666666666667,0.06747455744108688,,0.005040218799461054,0.009844891804334344,-0.02754855795205833,-4.568215912179298,-0.2932604735883424,0.05005008508203673,0.04205125374591665,0.2,0.05,0.9164217019661122,0,0,0.0067471634391908335,0.01092686654130723,0.05,0.034409550776670586,0.2613137820357916,1.0,0.007976930538353806,0.8181818181818182
2023-12-29,389.5839406199781,390.8224689840601,387.9065479219599,389.9642639160156,1104300,0.0,0.0,0.001527801552114,DE,0.5253237664561451,0.8185336899017743,0.1674483153816273,-0.01857447564877357,365.1288775634766,0.9833333333333333,0.06801813791959388,,0.0053336745726468866,0.00017164787280310456,0.05275137010768512,0.18738678893144575,0.19603595797682227,0.0935170796294696,0.029291238275802132,0.25,0.05,0.8918925034675276,0,0,0.007488829826349611,0.01017807679834083,0.1,0.020237382004163192,0.2588104050901293,1.0,0.008030791167490819,0.7933884297520661
2024-01-02,389.232849821062,396.5080396617721,388.1405996291853,390.978515625,1414600,0.0,0.0,0.002600883729189,DE,0.5908900133177886,0.8008659393292321,0.17099045092031775,0.28099248392646925,365.5372216796875,1.0,0.06959973550273957,,0.004973348947988713,0.001849321254760783,0.07559126188918822,1.1872487222784014,0.31309755871159384,0.10178389338206457,0.016470667104063162,0.3,0.05,0.8637069433353991,0,0,0.021456940563119992,0.012100011493517545,0.8,0.013990858475942393,0.2580957693168727,1.0,0.008398013271329078,0.9090909090909091
2024-01-03,386.794788164337,387.75052198139656,383.5180375257089,383.6058044433594,1397600,0.0,0.0,-0.0188570749721501,DE,0.4781666429056864,0.6664044947940782,0.1691276042199574,-0.012017531457655828,365.91898559570313,0.9,0.048335340728119736,,0.0025264020178886234,-0.01480234591565266,0.0938319586980005,0.19801555317107788,0.4466411344581307,0.09698904806867717,0.004940687603905656,0.35,0.05,0.806754870102154,0,0,0.010825363252816595,0.010923516116177241,0.25,-0.016080378133841708,0.27002105897782464,1.0,0.00860346560474084,0.859504132231405
2024-01-04,384.73703332460127,388.6769312294991,382.3867313390769,382.6695556640625,1332100,0.0,0.0,-0.0024406533176822,DE,0.2903627341224518,0.6329077325484842,0.16016234691901943,-0.0468660560961649,366.3185589599609,0.8666666666666667,0.04463600411217161,,0.0014709091652304344,-0.01870609419104141,0.11397950102394919,-0.7193410476684556,0.6176077717061323,0.10182774390473412,-0.03653138660067365,0.35,0.05,0.7528014826151507,0,0,0.016397561813616773,0.01258317177901876,0.6,-0.019442983249858208,0.2691401571063991,1.0,0.008215015321563435,0.6694214876033058
2024-01-05,380.7581154573302,387.3896811811993,378.44683074203743,386.151123046875,1100300,0.0,0.0,0.009098103915716,DE,0.17849574943899726,0.6711786429133071,0.15385608235451667,-0.17401096013812778,366.78193420410156,0.9166666666666666,0.05280845929558553,,-0.00020970953242905411,-0.012346951009336582,0.0059046921171493905,-10.817355017482239,-0.02212939921791679,0.11443114315486,-0.07037729619701617,0.35,0.05,0.717978099897375,0,0,0.023369641788312558,0.015907667448843102,0.85,-0.008070939092813308,0.26968285294852745,1.0,0.008134793448329368,0.8181818181818182
2024-01-08,383.7812888178482,388.4721308577789,380.8556062268769,388.1210632324219,1233300,0.0,0.0,0.0051014747024515,DE,0.2634110502850567,0.6869326835170225,0.14179657272809734,0.12087612469326547,367.31696716308596,0.9166666666666666,0.05663799369251321,,-0.0008990691659246035,0.011770569518921858,0.0337948121855572,-1.4269235896300279,0.11681608258625364,0.13043397388565325,-0.07017960856854086,0.35,0.05,0.6916578986204247,0,0,0.019724206861823457,0.018354742855937873,0.7,-0.0044972659424758095,0.2551468599151775,1.0,0.008556078645886117,0.743801652892562
2024-01-09,385.9073111435477,387.0190849100504,380.3485315957888,383.47900390625,1012400,0.0,0.0,-0.0119603385796973,DE,0.23211044233340744,0.579998530348017,0.12757541675964684,-0.17911294899862162,367.80521484375,0.85,0.04261437421206371,,-0.001846784876966924,0.0021152668933457353,-0.05822627439946097,0.2858651974718174,-0.2843206560158349,0.1198592095358012,-0.04028407675345814,0.35,0.05,0.6474844168241818,0,0,0.01718678511984552,0.01750071176728298,0.6,-0.01905848825136211,0.25970904892837865,1.0,0.008558523432113054,0.5206611570247934
2024-01-10,383.4009910341125,384.4054742666308,380.97265408436687,383.9568481445313,1003900,0.0,0.0,0.0012460766649902,DE,0.03465823140107673,0.567014997451531,0.1054420932767933,-0.008395890952192842,368.466064453125,0.8666666666666667,0.04204127648606559,,-0.0019201718973967837,-0.005682425277000469,-0.05750194629836838,-0.12493201717850157,-0.2816971951917573,0.16591342768223755,-0.03815564234695363,0.35,0.05,0.6276065173556724,0,0,0.008951781316046063,0.01712599537992887,0.2,0.0010446633857781914,0.25409529574719064,1.0,0.008604818050046125,0.4462809917355372
2024-01-11,385.0588300677684,386.0828368197665,380.2802211765232,380.5532836914063,1190600,0.0,0.0,-0.0088644452353765,DE,0.11784276608264321,0.4145304554510948,0.06958778236903998,0.18597469867516692,368.9296112060547,0.7666666666666667,0.031506477475074623,,-0.0022281261739047938,-0.019498502549663677,-0.010933795344102016,-5.402509223842137,-0.10622325651227382,0.12054532476779684,-0.03004013470867071,0.35,0.0,0.5839310619361945,0,0,0.01511267651894845,0.016869018320995206,0.45,-0.005379128531916109,0.25768754107221364,1.0,0.008275723895745492,0.34710743801652894
2024-01-12,382.3184875155616,385.458721682158,376.19405917493344,376.9352416992188,1221800,0.0,0.0,-0.0095073203864964,DE,-0.14128393625103797,0.21401746790867068,0.05860835237373557,0.026205274651436294,369.3682159423828,0.7333333333333333,0.02048640199734031,,-0.002900525897250782,-0.017064199448663886,0.0291094516138108,0.6037418702410331,0.11042442970099065,0.11488952230987934,-0.08386612513835363,0.35,0.0,0.49249882693526714,0,0,0.024345243896876596,0.017064138742708016,0.9,-0.02398455283412851,0.2589231236500874,1.0,0.008067700380689883,0.35537190082644626
2024-01-16,376.194070708281,379.7048962446548,374.4874222993647,375.8039855957031,1292900,0.0,0.0,-0.0030011948429548,DE,-0.28431296863624,0.1730784125498086,0.05966654636837681,0.05819283025045019,369.6848907470703,0.7,0.016552190803002853,,-0.0032431413079454805,-0.021233799027747025,0.016572792725247743,3.07258247021948,0.048325630422443755,0.08671899834161266,-0.12187794380083514,0.35,0.0,0.38972797274182447,0,0,0.013841831084219578,0.01588766358718724,0.45,-0.03208722237953481,0.2584080165225804,1.0,0.008088399354930107,0.35537190082644626
2024-01-17,371.756823045305,372.55648716609727,368.1387067341389,369.23095703125,1466300,0.0,0.0,-0.0174905770465257,DE,-0.5680072593381567,-0.04722125606509742,0.0656297878514244,0.1341171010905715,369.81005798339845,0.5666666666666667,-0.0015659415952782307,,-0.003908451933001517,-0.02975227686995252,0.07921880274308638,0.19849342607558532,0.44834057684709605,0.039793100164945944,-0.19325878720318787,0.35,0.05,0.26428401545920155,0,1,0.0117555443829462,0.014801415439807375,0.35,-0.03761746084636321,0.21147776769227722,1.0,0.0084557532428375,0.23140495867768596
2024-01-18,369.7087373768345,372.302846001216,366.900077520013,371.9420166015625,1125900,0.0,0.0,0.0073424492683669,DE,-0.46863745707542137,0.06038294018060502,0.06560044268895919,-0.23214894632749095,369.82154174804685,0.65,0.005733778631425102,,-0.004779912243129971,-0.013246904362528955,0.03446819166802675,-2.1130654911664406,0.12152604841119641,0.012311654350777133,-0.21879900268752342,0.35,0.1,0.16295760400501633,0,0,0.014632490527455237,0.01593755728208921,0.5,-0.03152108824298651,0.18529917577018276,1.0,0.008830939103669798,0.33884297520661155
2024-01-19,373.1318147134587,374.8579865988232,367.9826142178323,373.2391052246094,1223100,0.0,0.0,0.0034873409433502,DE,-0.40689758079566585,0.15141612462915924,0.06953142783057369,0.08633093525179847,369.93572875976565,0.65,0.008929595624403541,,-0.005258324339825453,-0.006825048348085061,0.014539438983353059,-1.1698556978158612,0.02729716109524616,0.03784049252444916,-0.11427396868100827,0.3,0.15,0.11033473784062924,0,0,0.018485065074957705,0.01661203499329106,0.75,-0.01916930206425981,0.18474261131840342,1.0,0.009453625455844048,0.32231404958677684
2024-01-22,372.4979516476956,377.539891785158,372.1371221724751,375.0628051757813,1113600,0.0,0.0,0.0048861438301712,DE,-0.36227478442311706,0.2249905199103636,0.0702274783390076,-0.08952661270542062,370.26148376464846,0.6666666666666666,0.012967380139881746,,-0.004561522014668933,0.015794580691233184,-0.008606938488018323,3.9877716359692634,-0.08855786544442623,0.09379829780296063,0.0008911131868995208,0.3,0.15,0.1125293482409678,0,0,0.014475357852526202,0.014638057784420982,0.5,-0.0047758378475922115,0.1829993507475291,1.0,0.009294808274097507,0.3140495867768595
2024-01-23,377.5886012907552,380.2217276196112,375.0920211064929,377.8616638183594,955000,0.0,0.0,0.007462373245106,DE,-0.30247388435459127,0.3391307194859193,0.07108446681725536,-0.14242097701149425,370.6406884765625,0.75,0.019482414009851734,,-0.0027493890028709857,0.015915510893027784,-0.04872969994040721,0.8423073055734305,-0.2613504524711888,0.1058887673413767,0.11021672912485683,0.3,0.15,0.14573980962818994,0,0,0.013676926750212337,0.014605076917619536,0.4,0.005687730240468589,0.1545782036072713,1.0,0.008884749938015104,0.34710743801652894
2024-01-24,380.2802746136553,383.4302706571378,376.8279603776983,378.7881774902344,1447800,0.0,0.0,0.0024519917223473,DE,-0.12919771701440197,0.3856122957666561,0.07108269744927341,0.516020942408377,371.03356567382815,0.75,0.02090002774364419,,-0.0012835860549940176,0.014867338893350013,0.027651068323153893,4.584227453327777,-0.012616790561276736,0.10885730847017598,0.11759477670060907,0.3,0.15,0.23230651999454066,0,0,0.01747282381790729,0.015748532804611755,0.75,0.02563029900934159,0.1433979788907376,1.0,0.008791160021868753,0.33884297520661155
2024-01-25,383.40104584195353,385.2149551426323,378.9735035939048,383.2742614746094,1103500,0.0,0.0,0.0118432523794664,DE,0.02019730400436856,0.5655240846262564,0.06847858151123189,-0.23780908965326708,371.4312420654297,0.8166666666666667,0.03188482299798978,,0.001071772689192968,0.021893550054849165,0.026519039657998667,-0.1611389222514491,-0.019895194955147022,0.10889124169650927,0.1423365084289649,0.25,0.15,0.3333347488836709,0,0,0.016477419094972627,0.01611751851811523,0.65,0.030131102120441088,0.13896644770037853,1.0,0.008598704344137927,0.4214876033057851
2024-01-26,384.0251806357532,386.8923525899676,383.3327772693267,383.869140625,884900,0.0,0.0,0.0015520978322465,DE,-0.05666155033704271,0.6053215160906462,0.06540796300473943,-0.19809696420480294,371.9230181884766,0.85,0.03211987925541515,,0.0029299700642070833,0.015898614180475557,-0.030366540233321616,1.0291880907051631,-0.2765105060910801,0.13541762182171113,0.11198916417601744,0.2,0.15,0.4241158271759683,0,0,0.0092872798370174,0.014277961470527168,0.2,0.02819585900933739,0.13565090671243168,1.0,0.008400075897096826,0.5206611570247934
2024-01-29,384.1909114380448,388.32586679318473,383.0011326173472,387.8284912109375,969400,0.0,0.0,0.0103143237288911,DE,-0.002345199194844412,0.7714106052147653,0.06440376278468897,0.09549101593400389,372.39292907714844,0.9,0.0414496649333298,,0.004602060044674785,0.023866409402221178,0.006636985494563286,-3.5903938756138842,-0.12948994252873558,0.12919902624003085,0.07426765887974435,0.15,0.15,0.5333998442368487,0,0,0.013871222279467478,0.014157134355915424,0.4,0.03362403890805729,0.1347763659060086,1.0,0.007958958684806278,0.6363636363636364
2024-01-30,385.3514708550789,388.8915222519334,384.6395439509607,387.09710693359375,1098300,0.0,0.0,-0.0018858446295684,DE,0.10769826435273998,0.7551766893526566,0.062478885916928656,0.13296884670930464,372.73336120605467,0.8833333333333333,0.03853624929376398,,0.00561092118338024,0.009974177353512692,0.06171495023872307,-0.7012953654450337,0.15005235602094236,0.09794733212393084,0.04567587833272099,0.1,0.15,0.6166090382101961,0,0,0.010963553213165299,0.013614459648506017,0.2,0.02427582103338289,0.13482907798479676,1.0,0.007663920240461621,0.5950413223140496
