date,open,high,low,close,volume,dividends,stock_splits,Capital Gains,daily_return,ticker,RSI,bb_pos,bb_width,volume_change,ma_50,price_percentile_60,price_vs_ma50,price_vs_ma252,c_10d_trend,3d_P,vc_5d_mean,vc_5d_trend,volume_momentum_5d,rsi_50,rsi_5d_trend,overbought,oversold,bb_5d_mean,bb_breakout_up,bb_breakout_down,amplitude,amp_5d_mean,amp_percentile,momentum_5d,volatility_22d,market_uptrend,market_volatility,momentum_10d_percentile
2023-07-03,330.00279524937986,331.47481820534523,329.791130474481,331.0322570800781,1698400,0.0,0.0,0.0,0.0006400175935652,DIA,0.16247727611773996,0.9071383441107945,0.03193794325072731,-0.43900908340214695,322.9207635498047,1.0,0.02511914514602709,,0.001408566610477922,0.016065088774024572,-0.013627684983265453,4.963036683256911,-0.26217472522698637,0.08675286746990665,0.006880729784365748,0.2,0.0,0.7402521922999867,0,0,0.0050894294577053635,0.006425030448220979,0.2,0.020426882324320595,0.10845515263717564,0.0,0.009301099433542617,0.5371900826446281
2023-07-05,329.4062472655776,330.71469888251033,329.28116863959843,329.8199462890625,2717000,0.0,0.0,0.0,-0.0036622134704001,DIA,0.04562699095733649,0.7675715613331984,0.03060724075432897,0.599740932642487,323.0398693847656,0.9333333333333333,0.020988359477762453,,0.001931404518338904,0.004836492811459259,0.15176991290106842,-0.059608576696868684,0.5274342253204407,0.06933142493679129,-0.009100369532353034,0.2,0.0,0.7736573680990331,0,0,0.004330485057729956,0.0057784093597262045,0.05,0.010564993877020595,0.10984512540381557,0.0,0.009068822377460492,0.5371900826446281
2023-07-06,327.34737979839355,327.9535120978531,324.90364838568183,326.37567138671875,3742400,0.0,0.0,0.0,-0.0104428944977302,DIA,-0.013673840242854283,0.39624049096183794,0.027933906937273576,0.37740154582259855,323.07782958984376,0.775,0.010207576920588046,,0.0015959612353288054,-0.013435849306021819,0.1680867410671622,0.47174325122111005,0.6236008676789588,0.024809857313296817,-0.04379138763621909,0.2,0.0,0.7445717370287015,0,0,0.009247056603114846,0.006737563834092792,0.85,0.0018912036010349954,0.0925911485670955,0.0,0.009241166699214862,0.5371900826446281
2023-07-07,325.1633448946524,327.5012581522571,324.4129025146369,324.643798828125,2852200,0.0,0.0,0.0,-0.0053063776207193,DIA,-0.30031818110665,0.19158040381657715,0.027034243567153275,-0.23786874732791796,323.146669921875,0.6333333333333333,0.004632970244167867,,0.0009618607336106842,-0.019298597388373917,0.06865182023498426,0.37097957026829653,-0.01739759534226759,0.04199595454034991,-0.11893349344132018,0.2,0.0,0.6414560554026579,0,0,0.00946257919439348,0.00669284452475871,0.85,-0.010886587290760705,0.09226515108732188,0.0,0.0087268161758225,0.4297520661157025
2023-07-10,324.6149243937745,326.77966533360416,324.3936585555237,326.7123107910156,2560200,0.0,0.0,0.0,0.0063716355290239,DIA,-0.1444625855221483,0.4150164678520746,0.02640605538989114,-0.10237711240445968,323.3024725341797,0.8333333333333334,0.010546898172810737,,0.00031220302911538186,-0.009422218192113974,0.03957750706611218,-0.41525035344065336,-0.15435177539223777,0.08938290555357327,-0.1010416519123491,0.2,0.0,0.5355094536148965,0,0,0.007349614521186871,0.007095832966826103,0.6,-0.012399832466260504,0.09452202523843146,0.0,0.008316498348373709,0.371900826446281
2023-07-11,327.82834519543763,329.92576086852927,327.06830176975484,329.6563720703125,2477100,0.0,0.0,0.0,0.0090111733842195,DIA,0.09665382706396926,0.7312538145325717,0.026533029025986556,-0.03245840168736813,323.41658203125,0.9166666666666666,0.01929335224518436,,6.346905186588017e-05,0.010051915541543277,0.12088764340906795,-1.4428086094661479,0.4584903438530381,0.06725988871423554,-0.0030674785710052416,0.2,0.0,0.500332547699252,0,0,0.008746101705981401,0.00782716741648131,0.7,-0.004028676675606205,0.09848340624929273,0.0,0.00811858254372165,0.4132231404958678
2023-07-12,331.84041333525425,332.7928901120505,330.14709518878715,330.6089172363281,4140200,0.0,0.0,0.0,0.0028895093397813,DIA,0.183322496872011,0.8090273434706025,0.027716349264797963,0.6713899317750596,323.49552734375,0.95,0.021989144489838353,,0.00018664192813003513,0.0183743488393604,0.13521744323558246,0.5867490898812471,0.5238130290761869,0.04851768077645971,0.08202438242691804,0.2,0.0,0.5086237041267327,0,0,0.00802591773563235,0.00856625395206179,0.65,0.0025230461345751953,0.09774237673167985,0.0,0.008401306928856564,0.2809917355371901
2023-07-13,331.29200805722303,331.8115541951038,330.6762746829649,330.887939453125,2472300,0.0,0.0,0.0,0.000843964582472,DIA,0.19786638912831492,0.8159271906646197,0.028834410785088943,-0.40285493454422494,323.59288818359374,0.9666666666666667,0.02254391717469484,,8.262994716640482e-05,0.012780750905895255,-0.02083385283778223,-2.130161296628164,-0.33938114578879863,0.05906186979358381,0.13154559162557877,0.15,0.0,0.592561044067289,0,0,0.0034339046920726316,0.0074036235698533475,0.05,0.013809905214777396,0.09772033331361506,0.0,0.00854805763774944,0.24793388429752067
2023-07-14,332.6100929527216,332.8121566175676,331.4555818563235,332.090576171875,3293400,0.0,0.0,0.0,0.0036345740516794,DIA,0.3581815586948315,0.8886832435410769,0.030766204948068178,0.3321198883630627,323.7811614990234,1.0,0.025663675534367547,,0.00048364303126638213,0.007384065068347212,0.09316387430041391,0.5351832697193581,0.15468760956454664,0.11296761608394093,0.0972053815364933,0.1,0.0,0.731981612012189,0,0,0.004099801169804532,0.006331067964935558,0.1,0.022750856887176096,0.09676874999104235,0.0,0.00836737166058637,0.2727272727272727
2023-07-17,331.50362457938905,333.5625478950284,331.1765116842385,332.7447509765625,2860000,0.0,0.0,0.0,0.001969868619063,DIA,0.37793159989694003,0.922516521767171,0.032367787404253445,-0.13159652638610553,324.0353936767578,1.0,0.02687779628324405,,0.0013743008993515001,0.006460302880177959,0.08731999150408473,-0.6156050676944075,0.11710022654480112,0.15497480183096854,0.05933535920751843,0.05,0.0,0.8334816227952084,0,0,0.007184895874777784,0.00629812423565374,0.55,0.018349089977215197,0.09605594514262639,0.0,0.00824811495089441,0.23140495867768596
2023-07-18,332.5523606631138,336.65094688912944,332.16752364047363,336.3334350585937,4617200,0.0,0.0,0.0,0.0107850959977549,DIA,0.41717676580527185,1.106438096205222,0.038938756270641,0.6144055944055944,324.41465576171873,1.0,0.03673933678763652,,0.0028268900674296217,0.016457219971416137,0.21669279072267722,0.07258650963634872,0.8639538169633847,0.2266746208608599,0.049565831295101795,0.05,0.0,0.9085184791297383,1,0,0.013474061530640371,0.007243716200585534,1.0,0.020123012590750597,0.09869475382064159,0.0,0.008099200634724453,0.33884297520661155
2023-07-19,337.12225640889545,339.09459319704985,337.12225640889545,337.4012756347656,5864300,0.0,0.0,0.0,0.0031749462434083,DIA,0.4759923987289901,1.056440544376358,0.04551825027439055,0.27009876115394604,324.7118243408203,1.0,0.039079116751308485,,0.004009339674847408,0.01599171986181891,0.13643455659845455,1.193387612370719,0.41642915801169034,0.18575603339215946,0.04505887100477659,0.1,0.0,0.9580011193108895,1,0,0.005864230500339006,0.006811378753526864,0.45,0.020408449494377597,0.0903229553480528,0.0,0.007969820193240235,0.371900826446281
2023-07-20,338.13259317158685,340.4801371300479,338.0363765776469,339.075439453125,4561300,0.0,0.0,0.0,0.0049619368368116,DIA,0.45762132479033285,1.0446009990649316,0.052260796073106644,-0.22219190696246782,325.0522448730469,1.0,0.04314135589358892,,0.004485058698708711,0.019025659932975003,0.17256716211480594,-0.40965401206557617,0.8449621809650931,0.20896363040341867,0.020949934257280093,0.15,0.0,1.003735880990952,1,0,0.007242890673141372,0.007573175949740612,0.6,0.024526421748717196,0.09020574357577407,0.0,0.008184183002615772,0.5289256198347108
2023-07-21,339.6993461587631,340.1904036262846,338.6402170050524,339.05426025390625,2971700,0.268,0.0,0.0,-6.246161400813577e-05,DIA,0.38911654601668827,0.9633062409650978,0.05706778771025413,-0.3484971389735383,325.4008642578125,0.9833333333333333,0.04195869616767922,,0.004143259093317907,0.00808966612206885,0.03644375664748576,-3.48591595216508,-0.09768020890265383,0.21513054769756607,0.0044124666519961935,0.15,0.0,1.0186604804757562,0,0,0.0045718045038366005,0.007667576616547027,0.25,0.020829386083029658,0.08520197602709957,0.0,0.007522307147969628,0.5619834710743802
2023-07-24,339.6030294217905,341.3939257367117,339.4297254058854,340.9125061035156,3073700,0.0,0.0,0.0,0.0054806739435091,DIA,0.4322243033396785,0.9830832682568139,0.06104490391022314,0.03432378773092837,325.79201171875,1.0,0.04641149518981713,,0.003997509144737974,0.010406689963291305,0.06962781947089254,-2.5546678425286826,0.07472027972027973,0.23598631666146289,-0.003958431250223805,0.2,0.0,1.0307738297736848,0,0,0.005793174016912197,0.007389232244973909,0.4,0.02434019140747576,0.08454240661483536,0.0,0.007710594938083465,0.6115702479338843
2023-07-25,340.6524725713654,341.98119527263844,340.411762788773,341.1531677246094,2548700,0.0,0.0,0.0,0.0007059336832326,DIA,0.5182363868458659,0.9358430151949507,0.06335225275377733,-0.17080391710316556,326.22935302734373,1.0,0.045746388418993034,,0.003967016241081866,0.006127628337916358,-0.08741408283085945,0.7153191357400863,-0.44799878714372343,0.2700977468046726,0.004062244144993529,0.25,0.0,0.9966548135716303,0,0,0.004603622500692035,0.005615144438984242,0.3,0.014261029092953459,0.08429788081186124,0.0,0.007827611031100613,0.5785123966942148
2023-07-26,340.01706829746786,343.04036827591483,339.99779270693165,342.04864501953125,3084700,0.0,0.0,0.0,0.0026248541114082,DIA,0.8143009280475212,0.9188375949498804,0.06657154826993475,0.21030329187428887,326.6870959472656,1.0,0.0470222095174071,,0.0038566963162902854,0.008831579828498803,-0.09937317668679088,-1.0492606297877205,-0.47398666507511555,0.27969269287999365,0.055342514872178124,0.3,0.0,0.969134223686335,0,0,0.008918503056196897,0.00622599895015582,0.8,0.013710936960953359,0.07881369777296898,0.0,0.007440651406177519,0.6611570247933884
2023-07-27,342.63596692357225,343.11738655633184,338.957943260766,339.6607971191406,4771000,0.0,0.0,0.0,-0.0069810184462337,DIA,0.7632350021058641,0.7823732150099683,0.0658185331065652,0.5466658021849775,327.0861608886719,0.95,0.038444415368428464,,0.003009625994150886,-0.0036716429053351707,0.05439836514269818,3.614640589477948,0.04597373555784534,0.2400757556424476,0.07138419731636203,0.35,0.0,0.9166886668753422,0,0,0.012160385243824979,0.007209497864292541,0.95,0.0017679816779080605,0.0846939370584518,0.0,0.008050700989775653,0.71900826446281
2023-07-28,341.33616549744863,342.3374972011424,340.2962826113132,341.3072814941406,3219000,0.0,0.0,0.0,0.0048474371754549,DIA,0.7570101382717814,0.8205060250594298,0.06714466472306653,-0.3252986795221128,327.58367431640625,0.9833333333333333,0.04189344052743915,,0.0023544215424769303,0.0004517436275299769,0.05903805703298328,-0.0030068997984593797,0.08321835986135873,0.3053222827830001,0.05398729965998313,0.4,0.0,0.8881286236942086,0,0,0.006009567801588948,0.007497050523843011,0.5,0.006677880467371096,0.08403149414993319,0.0,0.008447879482177371,0.5950413223140496
2023-07-31,341.39397212621225,342.3856955300132,341.0280884539024,342.3568115234375,2201400,0.0,0.0,0.0,0.0030750297054968,DIA,0.7292911249658403,0.8280327966339445,0.06979657019456154,-0.3161230195712954,328.02056701660155,1.0,0.04370532200839228,,0.0016706279755924138,0.0009009435014386558,-0.011051304427461472,7.476404091082051,-0.2837947750268406,0.2770600079314838,0.0212546934638458,0.45,0.0,0.8571185293696347,0,0,0.00397766807132744,0.00713394933472606,0.1,0.004272236229358795,0.08298320513221859,0.0,0.008210266297687235,0.5867768595041323
2023-08-01,342.0678855656996,343.4447680077556,341.9427411468961,342.9633483886719,2581900,0.0,0.0,0.0,0.0017716512270791,DIA,0.723348128046249,0.8169638374397974,0.0721994036034616,0.17284455346597616,328.44181091308593,1.0,0.0442134253103017,,0.0014490525634094286,0.009723086377768864,0.05767838968636687,-1.6257497889101766,0.013026248675795493,0.26930471959960955,-0.012282060139097155,0.5,0.0,0.833342693818604,0,0,0.00438731408373542,0.007090687651334737,0.25,0.005337953773205295,0.08091154978835816,0.0,0.0078082105219572946,0.628099173553719
2023-08-02,341.3073492001716,342.0005948006084,339.02539495206724,339.6319885253906,5061000,0.0,0.0,0.0,-0.0097134573677707,DIA,0.4394636298332216,0.6609300692775648,0.07126609119556113,0.9601843603547775,328.8183941650391,0.8833333333333333,0.03288622094214122,,0.0006698457067957164,-0.004908459501409057,0.20765460338246458,0.6381656499504282,0.6406781858851751,0.23667460421052225,-0.040488384033226965,0.55,0.0,0.7817611886841409,0,0,0.008674979010204371,0.007041982842136233,0.7,-0.007000357705973605,0.08725147173632529,0.0,0.008357921452637656,0.7024793388429752
2023-08-03,338.5342675141158,340.25775790399007,338.0720941215264,338.9097595214844,3307000,0.0,0.0,0.0,-0.0021265046529981,DIA,0.35198488962971114,0.611922439120179,0.06645382019173053,-0.346571823750247,329.2052978515625,0.8333333333333334,0.02947844926328491,,2.4145649093034686e-05,-0.010068594769925165,0.0290070781954197,4.253310461529417,-0.30685390903374554,0.2454817325112603,-0.06873294169662894,0.55,0.0,0.747671033506183,0,0,0.0064353884684224295,0.005896983487055722,0.5,-0.002145843912738005,0.08796779433193064,0.0,0.008469473445592639,0.5785123966942148
2023-08-04,339.9977511961276,341.7693716813519,337.1862773721806,337.6195373535156,4269400,0.0,0.0,0.0,-0.0038069785000893,DIA,0.24513695344280934,0.5289855072557257,0.057635172279222435,0.2910190504989416,329.6103643798828,0.8166666666666667,0.024298911196864115,,-0.0008266870193403554,-0.015581288963566586,0.15227062419963058,0.4563373707677601,0.32631251941596773,0.2614040947619206,-0.08943993740943715,0.55,0.0,0.6893669299454424,0,0,0.013523052023176633,0.007399680331373259,1.0,-0.010800259588282205,0.08806284003557178,0.0,0.00911223512573108,0.5950413223140496
2023-08-07,338.95796510037377,341.6827874686079,338.8039072819418,341.44207763671875,2390800,0.0,0.0,0.0,0.0113220351913478,DIA,0.251819273099421,0.7127001312508553,0.05078920282580408,-0.44001499039677705,330.14179748535156,0.95,0.034228565535900035,,-0.0006506584767377186,0.005329560148875201,0.12749223003453428,-1.4862744161491788,0.08603615880803117,0.3363993799214961,-0.08110556708959454,0.55,0.0,0.6663003968688244,0,0,0.008526995236213681,0.008309545764350506,0.7,-0.0025532541024312055,0.08463664811535997,0.0,0.008914524480552632,0.6611570247933884
2023-08-08,339.3238092353632,340.2192426536806,336.9167111967543,339.9014892578125,3033600,0.0,0.0,0.0,-0.0045120050509573,DIA,0.12238884041890585,0.6034915559080711,0.045592976761976434,0.2688639785845741,330.64740966796876,0.8833333333333333,0.027987757711867678,,-0.0006934017602691678,0.0029262354018024794,0.14669611505825383,-1.0062188283587306,0.1749486812037646,0.3163154577497963,-0.05727178589199605,0.55,0.0,0.6236059405624792,0,0,0.009672303659187793,0.00936654367944098,0.85,-0.008836910380467605,0.0838452010614682,0.0,0.009450083163445316,0.71900826446281
2023-08-09,339.75707663126644,340.5369740620324,337.5136741393085,338.2261657714844,2873300,0.0,0.0,0.0,-0.0049288500912021,DIA,-0.03718047010597502,0.4662417066549461,0.040223756558210304,-0.05284150843881852,331.06019104003906,0.7833333333333333,0.021645534332995764,,-0.0007852655268879228,0.0017967811422405777,-0.055909058700465364,-1.0111162159555087,-0.43226635052361195,0.26309018654938626,-0.07592316595221422,0.55,0.0,0.5846682680379554,0,0,0.008894635705555229,0.009410475018511154,0.75,-0.004052303103899007,0.08564516337461227,0.0,0.009590595962345305,0.6776859504132231
2023-08-10,340.02678702334543,342.6938714279368,338.1396297004466,338.8136291503906,4133500,0.0,0.0,0.0,0.0017368951262721,DIA,-0.0079251548023268,0.4765891055116636,0.033851155670432634,0.4385897748233738,331.49086608886716,0.7833333333333333,0.022090391653688535,,-0.001114172804684015,-0.00769808016786,0.1011232610142588,0.6747358854562788,0.24992440278197758,0.27335322284667796,-0.07132129575356443,0.55,0.0,0.5576016013162524,0,0,0.013465078070178563,0.01081641293886238,0.9,-0.00018890332462880672,0.08151996355475775,0.0,0.010388084955815695,0.6776859504132231
2023-08-11,338.1394353677959,340.57541689564533,337.58097228541885,339.8821716308594,2602600,0.0,0.0,0.0,0.0031537765560027,DIA,-0.04618115060338837,0.543591685239494,0.027722698929097716,-0.3703640982218459,331.9621105957031,0.8666666666666667,0.023858328352424962,,-0.0009189842174724105,-5.6833016516932844e-05,-0.03115336872989871,-0.9919555835773229,-0.39040614606267865,0.2985451724790147,-0.06874178093487437,0.55,0.0,0.560522836913006,0,0,0.00883802879398728,0.009879408293024508,0.65,0.006771851731463194,0.08158827843998225,0.0,0.010472685526975663,0.768595041322314
2023-08-14,339.6222981056567,340.3636737476332,338.6979512725825,340.0844421386719,3134100,0.0,0.0,0.0,0.0005951194993309,DIA,-0.048075595405872494,0.5352537243826617,0.02049404542194555,0.20421885806501194,332.4101385498047,0.8833333333333333,0.023086851749912318,,-0.0004345514579879834,0.005494182754751664,0.09769340096245908,-0.4573623462999817,0.31090011711560983,0.2876980250101937,-0.035112150646671954,0.55,0.0,0.5250335555393673,0,0,0.0049008821706006235,0.009154185679901897,0.25,-0.003955063960553706,0.08160824477407778,0.0,0.01055227345754546,0.7603305785123967
2023-08-15,338.60170103858223,338.93867127828327,336.20421126112086,336.61822509765625,2818700,0.0,0.0,0.0,-0.0101922246699019,DIA,-0.22917990975683125,0.027585327553894277,0.02014882156536768,-0.1006349510226221,332.6519525146484,0.6833333333333333,0.0119231904488315,,-0.00030647856250849454,-0.006479680461023873,0.023793615041019844,-1.38674935001313,-0.07083992616033752,0.1632773419987518,-0.045790045554709204,0.5,0.0,0.40985230986853194,0,0,0.008040532521765313,0.008827831452417402,0.55,-0.009635283579498305,0.0897865853972321,0.0,0.011031466417295084,0.7107438016528925
2023-08-16,336.3197003281473,338.4572043973359,334.7887896193866,334.8465576171875,3586800,0.0,0.0,0.0,-0.0052631359456392,DIA,-0.2094293488786461,-0.11633829779325436,0.02330080547089963,0.2725015077872779,332.8955810546875,0.65,0.005860626194913232,,-0.000891936610242815,-0.014815763914622027,0.08886221828623912,-0.07027439566252466,0.24832074618035005,0.1657004330459003,-0.06570752439051694,0.45,0.0,0.29333630897889185,0,1,0.010897849564993255,0.009228474224305007,0.85,-0.009969569433935406,0.09180671005541886,0.0,0.010586607321084277,0.743801652892562
2023-08-17,335.9828251458395,336.3390710275249,332.0062936661094,332.23736572265625,4804100,0.0,0.0,0.0,-0.0077922016373667,DIA,-0.38121020130521915,-0.18906211610395482,0.030557846862983584,0.3393832943013271,333.08625732421876,0.6166666666666667,-0.0025485638716586934,,-0.001871817729408732,-0.023073905900158564,0.06902092218182979,2.155545576237287,0.16223539373412366,0.12679497006974727,-0.10174098891505812,0.4,0.0,0.16020606465576817,0,1,0.012939590576197346,0.009123376725508763,0.9,-0.019498666197574205,0.08779392206523408,0.0,0.010731742661651174,0.7272727272727273
2023-08-18,330.6945193184958,333.54873397539166,330.4341490723521,332.7869567871094,3525400,0.51,0.0,0.0,0.0016542120819484,DIA,-0.40983022542086983,-0.02643493014890895,0.03520026226102999,-0.26616848108906976,333.26872497558594,0.6333333333333333,-0.0014455847560008728,,-0.0027804142272056676,-0.011381642540107206,0.08986004560838501,-0.557262607195347,0.35456850841466236,0.1218813207405276,-0.11760813180372898,0.4,0.05,0.04620074157808758,0,1,0.009374577408729887,0.009230686448457285,0.7,-0.020998230671628502,0.08716992409748484,0.0,0.011127493269434878,0.6859504132231405
2023-08-21,332.9604586303686,333.3654625935115,330.2508782395909,332.3529968261719,3176500,0.0,0.0,0.0,-0.0013040173362777,DIA,-0.4578074829898637,0.023909939056775062,0.03900887703801858,-0.09896749305043395,333.41102905273436,0.6,-0.0031733570109198084,,-0.0028354303668837602,-0.007446875992275781,0.02922277538529583,-1.8319104392847596,0.013528604703104463,0.09707490831213704,-0.09926755010153177,0.35,0.1,-0.05606801548708975,0,0,0.009359093829849348,0.01012232878030703,0.65,-0.022897367507237105,0.0849129078863419,0.0,0.011460381027206196,0.6115702479338843
2023-08-22,332.46862980529943,332.8061281282654,330.3279623099503,330.7040100097656,2816000,0.0,0.0,0.0,-0.0049615524221335,DIA,-0.41713712337004183,-0.0026429997949170706,0.0436337146657825,-0.11348968991027863,333.51152282714844,0.48333333333333334,-0.008418038434125918,,-0.0031365659746219634,-0.00461524160461424,0.026651827607764522,-4.541276495403511,-0.0009578883882640499,0.06866610690645927,-0.07873249301083293,0.3,0.15,-0.062113680956852026,0,1,0.007456426877388008,0.010005507651431569,0.3,-0.017666695259468707,0.08594824189393759,0.0,0.010917662776587731,0.5454545454545454
2023-08-23,331.25376170071746,333.05693149413133,330.9837688347573,332.5072937011719,2605400,0.0,0.0,0.0,0.0054528630945629,DIA,-0.2826519533179129,0.15942225608039345,0.04465772778213242,-0.07478693181818186,333.6116033935547,0.6,-0.003310165717108071,,-0.003142851980308137,-0.0008403667278233939,-0.04280586031332743,1.578432616736504,-0.2736143637782982,0.06808029181543176,0.031102428190237858,0.25,0.15,-0.0069615701821224675,0,0,0.006268937166237568,0.00907972517168043,0.25,-0.006950696219266604,0.0859226642665825,0.0,0.011135980540300367,0.49586776859504134
2023-08-24,332.0156090824101,334.5709045020499,328.7853166415726,328.8431701660156,3840800,0.0,0.0,0.0,-0.0110196786794374,DIA,-0.35267653991170705,0.010119004638830257,0.05000972732345608,0.4741690335457127,333.6105633544922,0.36666666666666664,-0.014290294469515241,,-0.003426681437820308,-0.010560538625117188,-0.0158487124644503,-9.49512835113456,-0.20051622572386085,0.0029086526350435805,0.046992307086284546,0.2,0.15,0.03287465396643455,0,0,0.017399882559198564,0.009971783568280674,1.0,-0.010178173261337305,0.09188970339481424,0.0,0.011575326777254563,0.512396694214876
2023-08-25,330.2219797776445,332.237288852126,328.18739600879513,331.2248229980469,3868500,0.0,0.0,0.0,0.0072425187691411,DIA,-0.4317245441834126,0.18671242493309098,0.05095043423996774,0.007212039158508654,333.6993927001953,0.5333333333333333,-0.007415565494815368,,-0.002744424721965996,0.0015748614244679437,0.03882739158506539,2.0604469041427866,0.09732228966925738,0.05931422674140237,0.019069060040740077,0.15,0.2,0.07550412498283453,0,0,0.012315575358570825,0.010559983158248862,0.8,-0.004589866574144605,0.09571864185390795,0.0,0.011857957155513583,0.4462809917355372
2023-08-28,332.8737637114684,334.2816111700283,332.1891441068658,333.3558959960937,2382700,0.0,0.0,0.0,0.0064339169352034,DIA,-0.26756031089564547,0.3306109118845448,0.04902901703185481,-0.384076515445263,333.74733154296877,0.6333333333333333,-0.0011728499672654102,,-0.0013517687387854878,0.0025521313697391967,-0.018194412893900426,2.523712541706767,-0.24989768613253582,0.03401134957258108,0.02310183266013681,0.1,0.2,0.13684431954838847,0,0,0.006317361857794302,0.009951636763837854,0.2,0.003148067697336495,0.09716209135989903,0.0,0.011458965612420635,0.39669421487603307
2023-08-29,333.2112486442121,336.2872548491804,333.0569627881645,336.1618957519531,3107700,0.0,0.0,0.0,0.0084174295087082,DIA,-0.0777202166323977,0.5233384965397233,0.04521656178552796,0.3042766609308767,333.8714776611328,0.65,0.006860178973254527,,5.7067580789701164e-05,0.022255975644081882,0.06535885727433063,-0.1531825488818324,0.10358664772727266,0.08072591151721113,0.06898351774709548,0.05,0.2,0.24204061881531658,0,0,0.009690220271531397,0.01039839544266653,0.7,0.016527049628178192,0.10036529707834499,0.0,0.011733012453851971,0.2892561983471074
2023-08-30,336.62473389333474,338.1964896949055,336.065444019062,336.9140014648437,2792900,0.0,0.0,0.0,0.0022373318403867,DIA,-0.07059751571198362,0.5839600821897373,0.044082513648214056,-0.10129677896836886,334.05857849121094,0.6833333333333333,0.008547671448909888,,0.001250107606480528,0.017176183884111795,0.060056887844293236,-1.4217636542698942,0.07196591694173637,0.12265193752968685,0.1208197136999866,0.0,0.2,0.3269481840371853,0,0,0.006339343342518361,0.010412476677922689,0.2,0.013311518374001996,0.10002957098540377,0.0,0.011033966876953986,0.256198347107438
2023-08-31,338.3797067139343,338.726827804274,335.3133232808502,335.3808288574219,2901400,0.0,0.0,0.0,-0.0045506348823614,DIA,-0.16922444307023154,0.4921031461124738,0.043160610543826625,0.03884850871853618,334.2348352050781,0.6166666666666667,0.0034287079970003465,,0.0015921863316042356,0.0060743874209199245,-0.02700721712114207,-1.2813340746834987,-0.24458446157050617,0.11544889947180735,0.09062661889617908,0.0,0.2,0.423345012331914,0,0,0.010131679029611327,0.008958835972005242,0.7,0.019780562171077997,0.10043571767266424,0.0,0.010942279769965986,0.2809917355371901
2023-09-01,337.4250056135313,337.83963220763894,335.3229164635324,336.50897216796875,2533200,0.0,0.0,0.0,0.0033637680316738,DIA,-0.12870179362446707,0.5743790786236054,0.04285919566175225,-0.12690425311918385,334.43538757324217,0.65,0.006200254733128352,,0.002113466517839498,0.0010324680470974457,-0.05383047557668057,-0.46240790142238436,-0.3451725474990306,0.1290324044934853,0.02172238743471181,0.0,0.2,0.5008783430700169,0,0,0.007504053683332174,0.007996531636957512,0.3,0.015901811433610698,0.09649042844928771,0.0,0.010963077156238387,0.24793388429752067
2023-09-05,336.6054065685344,336.79827122092394,334.50331722175406,334.5804748535156,1906900,0.0,0.0,0.0,-0.0057308941928909,DIA,-0.07716460074200499,0.46098562497464424,0.03947605163093001,-0.24723669666824566,334.63931762695313,0.5666666666666667,-0.0001758393898684263,,0.0020975126187675994,-0.006926178790974236,-0.026462511821277103,4.265030458830386,-0.19968942795987743,0.13229202784779587,-0.006365674310477663,0.0,0.2,0.5269532856880368,0,0,0.00681988947986905,0.008097037161372462,0.25,0.003737000305516396,0.09802234134846094,0.0,0.010408044133118596,0.24793388429752067
2023-09-06,334.0693987036205,334.1272522109574,331.1862282619366,332.67120361328125,2748400,0.0,0.0,0.0,-0.0057064634183159,DIA,-0.08255713875679817,0.335963596212766,0.03758692350660968,0.4412921495621165,334.8054473876953,0.5,-0.006374579001227176,,0.0013595627859709948,-0.008079249053596138,0.0009405859049708587,84.95690265515368,-0.11561605045532064,0.1062769368420517,0.0076190001167610235,0.0,0.2,0.4894783056226454,0,0,0.008790184036616086,0.0079170299143894,0.45,-0.010386892621507705,0.09898209845483509,0.0,0.010603344333401127,0.2975206611570248
2023-09-07,332.1504616899984,333.8668509108586,332.0444067454276,333.3365173339844,2378600,0.0,0.0,0.0,0.0019999137691415,DIA,0.0503560939252975,0.4053529522663077,0.03645316791245336,-0.13455101149759863,334.9446643066406,0.5333333333333333,-0.004801231797452954,,0.0010200134981392288,-0.009427549029512483,-0.0057102606008750945,-3.8771849084278522,-0.14834043467363667,0.09074041066266673,0.052834375320416106,0.0,0.2,0.45375687963795946,0,0,0.005478214361918595,0.007744804118269446,0.1,-0.010624310692752903,0.0900768396886559,0.0,0.010281150444975632,0.4793388429752066
2023-09-08,333.41371310466883,334.6383478071698,333.1340975975763,334.1272888183594,1665900,0.0,0.0,0.0,0.0023722917929891,DIA,0.05998864765039869,0.488780222945699,0.0343882954713715,-0.29963003447406034,335.11124450683593,0.55,-0.0029362061244008197,,4.821727138735457e-05,-0.0013544903818869525,-0.0734059692393944,0.317093936570745,-0.42582891018129176,0.10761418167059034,0.052354814128026776,0.0,0.2,0.45309229500460446,0,0,0.004512707523389488,0.006621009817025078,0.05,-0.003701384017402404,0.08993895384944854,0.0,0.009948241358127784,0.5289256198347108
2023-09-11,335.58330898647625,336.1329467947814,334.1272896526541,334.95654296875,1722900,0.0,0.0,0.0,0.0024818510134962,DIA,0.11160952421423247,0.5924366999941069,0.03065835072993768,0.03421573924005039,335.2457263183594,0.5833333333333334,-0.0008626011516542631,,-0.0005029012781522264,0.006869663892295819,-0.04118197076754755,0.432270017441387,-0.31987209853150167,0.08884267233982669,0.0513700263291463,0.0,0.2,0.4567038192787048,0,0,0.006002673858876639,0.006320733852133972,0.2,-0.004583301035580004,0.0893150946248747,0.0,0.009637960530611058,0.45454545454545453
2023-09-12,334.2526681980472,336.81758593207286,333.9826458818151,334.8022766113281,1813800,0.0,0.0,0.0,-0.0004605563338294,DIA,0.18576606482840247,0.6235231896642925,0.025625292366584087,0.052759881594985236,335.325361328125,0.55,-0.001559931866546238,,-0.0007895144777521684,0.004397235829626034,0.01881734488509863,-3.232644078699551,-0.04882269652315274,0.05539344942117239,0.05613910934909083,0.0,0.2,0.48921133221663443,0,0,0.008463605532620608,0.006649477062684284,0.55,0.0006870368234814958,0.0889854629104518,0.0,0.009615848185913267,0.48760330578512395
2023-09-13,335.1397490281781,336.0558120241346,333.46193830612685,334.16583251953125,2025200,0.0,0.0,0.0,-0.0019009550897879,DIA,0.08103855739220692,0.566742394821539,0.024367530604655727,0.11655088763921051,335.3880328369141,0.5166666666666667,-0.0036441381257545924,,-0.0006742326979180443,0.00011535634011861085,-0.046130907499482565,-1.8525404347448609,-0.26313491485955465,0.04409302067419034,0.017047783290372813,0.0,0.2,0.535367091938389,0,0,0.007747479330969292,0.0064409361215549245,0.5,0.004492545152009496,0.08811724546788954,0.0,0.009142333276674214,0.5371900826446281
2023-09-14,336.2004351063391,338.10003718459257,335.3036762611623,337.4346923828125,3489400,0.0,0.0,0.0,0.0097821486973543,DIA,0.41450840695814806,0.9202051325335503,0.026254422628289184,0.7229903219435116,335.5403277587891,0.7,0.005645713696105226,,0.00019620410257740787,0.007398420678988549,0.1253773591887395,1.6969378482693294,0.4669973934247036,0.09964484323568967,0.0579599218652526,0.05,0.2,0.6383375279918375,0,0,0.008368183253046422,0.007018929899780491,0.55,0.012274780080222297,0.0950227729310924,0.0,0.008463059474250273,0.5702479338842975
2023-09-15,336.70284034133977,337.2732573780029,334.1311101304742,334.6531982421875,3581700,0.923,0.0,0.0,-0.0082430591857147,DIA,0.16482236616940255,0.5898678685167165,0.025987927664272988,0.026451538946523856,335.70587829589846,0.5166666666666667,-0.0031357212422211678,,0.00028928851031371133,-0.00044527286567319635,0.19059367387285633,0.34350670012175766,1.1500090041419053,0.10994048715648148,0.028128766048673374,0.05,0.2,0.6585550571060411,0,0,0.009311867802744981,0.007978761955651588,0.7,0.0016594291015184972,0.0928002307101573,0.0,0.008498455188921228,0.5867768595041323
2023-09-18,334.7885324058499,335.610330652746,333.8507211367732,334.662841796875,2122800,0.0,0.0,0.0,2.881656215492079e-05,DIA,0.0714257271405259,0.5805001822925405,0.025873864923045425,-0.4073205461093894,335.90625915527346,0.5166666666666667,-0.0037016796338519287,,0.0006352929775219406,0.0014873132707686754,0.10228641680296838,-0.9876777735283009,0.23210865401358172,0.1356955219453468,-0.012242954791620282,0.05,0.15,0.6561677535657278,0,0,0.005258008963354833,0.007829828976547227,0.1,-0.000793605349822782,0.09108201004424483,0.0,0.008331189139071181,0.5950413223140496
2023-09-19,334.0054027560314,334.33411614177106,331.59804411952945,333.6186828613281,2740900,0.0,0.0,0.0,-0.003120032477883,DIA,-0.14326005453983556,0.45163453039709195,0.025492135594392496,0.2911720369323536,336.0443865966797,0.43333333333333335,-0.007218402782793398,,0.0004936139094494712,-0.011308883193181574,0.14996884787044204,-0.5208205441048526,0.5111368397838791,0.0957250621719615,-0.07083071889499305,0.05,0.1,0.6217900217122876,0,0,0.008175607448831397,0.007772229359789384,0.6,-0.0034530814938763823,0.08759711477010484,0.0,0.007820025963231723,0.5454545454545454
2023-09-20,334.55653804267143,336.122773000101,332.7776026894897,332.89361572265625,3411400,0.0,0.0,0.0,-0.0021733409305895,DIA,-0.228396593255395,0.34429400154574513,0.023956258869921688,0.24462767704038813,336.10913146972655,0.38333333333333336,-0.009566880057705118,,-0.0001122232665020943,-0.005257928293450398,0.17558420575067757,-0.3941156260962538,0.6844756073474225,0.04777231466725638,-0.15096251877009959,0.05,0.05,0.5773003430571289,0,0,0.010026927394835863,0.0082281189725627,0.85,-0.0037254673346779825,0.08779389906036672,0.0,0.008402302281845382,0.6198347107438017
2023-09-21,331.7817550387813,332.2458071298004,329.1713440074468,329.2776794433594,3483700,0.0,0.0,0.0,-0.0108621376575435,DIA,-0.3120354809838324,-0.021347599614844486,0.026997886319368572,0.02119364483789643,336.0825067138672,0.11666666666666667,-0.020247490228050724,,-0.0011846094385700363,-0.016091306476098577,0.03522487032955453,1.8209646449552583,-0.0016335186565025195,-0.014331441040854287,-0.13767409170461084,0.05,0.05,0.3889897966274499,0,1,0.009235572498677921,0.008401596821688999,0.7,-0.024369753689575783,0.0951843201685937,0.0,0.009329908979341583,0.6198347107438017
2023-09-22,329.38403147889187,330.0994647610745,328.0595003462731,328.31085205078125,3376400,0.0,0.0,0.0,-0.0029362068944743,DIA,-0.4233423569389123,-0.10782470782868346,0.027790602557630172,-0.03080058558429255,336.0309649658203,0.08333333333333333,-0.02297440926559946,,-0.002113319172709368,-0.015909872807552294,0.023774445423391244,2.0318519332546074,-0.05731915012424271,-0.030661076468088168,-0.14608946545185508,0.05,0.1,0.24945128135836994,0,1,0.006195270867584813,0.007778277434656966,0.25,-0.019062901398335382,0.09426329965118152,0.0,0.009373175593634712,0.5867768595041323
2023-09-25,327.4891136098132,328.7846416076377,326.4836181843227,328.6976318359375,3104700,0.0,0.0,0.0,0.0011780901628448,DIA,-0.32978411233471777,-0.005640304339945365,0.030379422716832787,-0.0804703234213956,335.9631060791016,0.08333333333333333,-0.02162580983357576,,-0.0026043926216344822,-0.01260457902627532,0.08914448996099,-1.142766068635282,0.46254946297343125,-0.04180463278436278,-0.07970319430872486,0.05,0.05,0.13222318403187275,0,1,0.007008673057688218,0.008128410253523642,0.45,-0.017913627797645507,0.09221342874262496,0.0,0.00958794574125905,0.6528925619834711
2023-09-26,326.6576550113257,327.4987790204382,324.41463798379846,324.8883972167969,4657300,0.0,0.0,0.0,-0.0115888715043798,DIA,-0.39646090194557987,-0.1590029218883452,0.03874952284353584,0.5000805230779142,335.80597900390626,0.03333333333333333,-0.03251157653444392,,-0.0035292068637688633,-0.013330032676319048,0.13092618719010213,0.3125743845435211,0.6991863986281879,-0.09736051812530747,-0.05345609179572169,0.05,0.05,0.010095693574785325,0,1,0.009382912251035339,0.00836987121396443,0.85,-0.026382466824142303,0.09300876249972045,0.0,0.010032652568172835,0.6528925619834711
2023-09-27,325.7005074752081,325.96153679571125,321.88157799967905,324.2986145019531,4442200,0.0,0.0,0.0,-0.0018153394208478,DIA,-0.46242944231107347,-0.06817446328411744,0.045006249301175034,-0.04618555815601311,335.5652825927734,0.016666666666666666,-0.03357518991168407,,-0.00432177802673251,-0.012220849611780493,0.07276354015082187,0.5443972377557739,0.30216333470129575,-0.15649526754581772,-0.04452391488526343,0.05,0.1,-0.07239799939118718,0,1,0.012558031714840403,0.00887609207796534,1.0,-0.026024465314400603,0.0888820394957152,0.0,0.01035090814735761,0.6776859504132231
2023-09-28,324.1922800143124,326.4643002341188,323.4671690614916,325.4491271972656,4053600,0.0,0.0,0.0,0.0035476953766189,DIA,-0.43383711857513646,0.07098583743964748,0.047614208511634025,-0.08747917698437713,335.32623962402346,0.06666666666666667,-0.029455232724502345,,-0.003908208891077904,-0.009882957234974232,0.051028975786367156,-0.1549559173317988,0.16359043545655472,-0.15460638332967191,-0.026003259439080405,0.05,0.15,-0.0539313119802888,0,0,0.009241887071365161,0.008877354992502787,0.75,-0.011614632280238204,0.0865118181577446,0.0,0.010759483969002724,0.6363636363636364
2023-09-29,327.53742030275936,327.58574922658784,322.8290383341716,323.83453369140625,3786500,0.0,0.0,0.0,-0.0049611240926165,DIA,-0.5355550062950016,0.04504328264290862,0.05185169792547737,-0.06589204657588321,335.02142150878905,0.016666666666666666,-0.03339155976057284,,-0.0038805970442449826,-0.003243770890000053,0.04401068358804903,-1.268789986536131,0.12146072740196656,-0.19808718467389766,-0.07898109111595368,0.05,0.2,-0.02335771388597038,0,0,0.014615835456006636,0.010561467910187151,1.0,-0.013639549478380406,0.08053688294622319,0.0,0.01123704305849206,0.5867768595041323
2023-10-02,323.1964875308413,323.9022433639069,321.0598058452668,323.00311279296875,4192600,0.0,0.0,0.0,-0.0025674250641526,DIA,-0.5506778091322215,0.06159683925226516,0.05499531121396913,0.10724943879572169,334.7003985595703,0.016666666666666666,-0.03494852655372527,,-0.0035898315010332543,-0.0039947802767333895,0.08155463603147248,-0.9875203865460916,0.35040422585112885,-0.20679349300994146,-0.07278779012623401,0.05,0.25,-0.009910285167528276,0,0,0.008777437928682347,0.010915220884385977,0.6,-0.017385064705377803,0.07936239404572834,0.0,0.011410521218691076,0.5785123966942148
2023-10-03,321.79455546711256,322.8000508735462,318.12067193126046,319.02947998046875,4871100,0.0,0.0,0.0,-0.0123021502119298,DIA,-0.6129026714675356,-0.038597148265288525,0.0628409586085848,0.16183275294566624,334.2627380371094,0.016666666666666666,-0.04557270770321242,,-0.0037448533439304026,-0.019725501408107027,0.013905082005022894,4.392388608444255,0.04590642647027243,-0.2757155542212601,-0.08687255773557978,0.05,0.3,0.014170869557083058,0,1,0.014487101693304751,0.01193605877283986,0.95,-0.018098343412927806,0.08648256214225755,0.0,0.01233948685138176,0.5454545454545454
2023-10-04,319.1743523532372,320.4602021595644,317.7047759976338,320.0057983398437,4877100,0.0,0.0,0.0,0.0030602763087435,DIA,-0.771443210520705,0.07484845614605361,0.06827477327696133,0.0012317546344768893,333.83979064941406,0.03333333333333333,-0.041439015650768574,,-0.0033394273617970865,-0.011823122469115988,0.023388544563120894,1.7322440123020464,0.09790194047994238,-0.2631959116237742,-0.17955848655619921,0.05,0.35,0.04277545344311727,0,0,0.008636901398890397,0.011151832709649858,0.55,-0.013222727683336504,0.08625173211512377,0.0,0.012303452519645831,0.5537190082644629
2023-10-05,319.8416321621741,320.7407627127312,318.4590942827357,320.1800231933594,3172200,0.0,0.0,0.0,0.0005444428020351,DIA,-0.7245055474671779,0.13135552371985784,0.07203551795500443,-0.34957249184966477,333.4024182128906,0.05,-0.03965896555401771,,-0.0031600454431115125,-0.008740131248886285,-0.029030118409936634,2.3195860423301586,-0.21743635287152163,-0.27424613213851656,-0.16584333147834637,0.05,0.4,0.05484939069915934,0,0,0.007130084647942597,0.010729472224965345,0.3,-0.016225980257920304,0.08584315203365417,0.0,0.012029285560263994,0.45454545454545453
2023-10-06,319.3872016808646,324.5016590588404,317.5792631411322,323.01275634765625,4491300,0.0,0.0,0.0,0.0088473138518894,DIA,-0.5057059136863566,0.27461778506820295,0.0722375417195161,0.4158312842822016,333.06945739746095,0.08333333333333333,-0.030194005563841775,,-0.002356387060676841,0.012485605930308896,0.06731454776168033,0.15711083219641447,0.18613495312293682,-0.20607313022341828,-0.005902414452390601,0.05,0.45,0.10076429118421819,0,0,0.021620324243426445,0.012130369982449308,1.0,-0.002417542313414402,0.09216803731243642,0.0,0.013238421867657339,0.4793388429752066
2023-10-09,321.90086365906194,325.2170299428814,321.5527951353844,324.9366455078125,3756300,0.0,0.0,0.0,0.0059560779639475,DIA,-0.3604163933943508,0.3733056359643977,0.0703250710191938,-0.1636497227974083,332.7420446777344,0.15,-0.023457808517951317,,-0.0009455553651892402,0.01540861819863748,0.013134715443054334,-1.7995473359372618,-0.10406430377331488,-0.20052027238811704,0.1902962610624105,0.05,0.45,0.1631060505266447,0,0,0.011343932199238793,0.012643668836560595,0.8,0.006105960714685697,0.09481377836787191,0.0,0.013514414141802173,0.4462809917355372
2023-10-10,326.0098527777301,327.7597846171243,324.878666859832,326.2515563964844,3769400,0.0,0.0,0.0,0.0040466685024611,DIA,-0.2675066440055315,0.44675681280455454,0.067611318326771,0.0034874743763810834,332.4199395751953,0.18333333333333332,-0.01855599632980387,,4.4793448699132526e-05,0.018962873269136926,-0.018534340270802696,-1.0274668844623376,-0.22617068013385067,-0.1956954925620586,0.28939195609894697,0.05,0.45,0.2601768427406133,0,0,0.008866706162949677,0.011519589730489582,0.5,0.0224547794290766,0.09572357464159854,0.0,0.01326690525857088,0.371900826446281
2023-10-11,326.9669802290712,327.59540371872674,325.00434808162805,326.8122863769531,2773900,0.0,0.0,0.0,0.0017187043846231,DIA,-0.11175356750942995,0.48820031231258204,0.0648547796729565,-0.26410038732954844,332.09691833496095,0.2,-0.015912920795843166,,0.0009558052445823207,0.011762786313019413,-0.07160076866360776,0.3371466610920381,-0.4312398761559123,-0.19595740669411668,0.24152626396452442,0.05,0.45,0.34284721397391904,0,0,0.007941895099957328,0.011380588470702968,0.25,0.021113207504956197,0.09541848987706558,0.0,0.012556315644139367,0.39669421487603307
2023-10-12,327.5278463793428,327.5278463793428,323.4672418329237,325.1108093261719,3315000,0.0,0.0,0.0,-0.0052062823881068,DIA,-0.14169673091762647,0.4292296357042326,0.05781017439799139,0.19506831536825397,331.8064947509766,0.16666666666666666,-0.020179488740357132,,0.0017229470562680055,0.000535993156718817,0.03732739277997599,-1.451954079821977,0.045016077170418,-0.18067976306747213,0.135165044969615,0.0,0.45,0.402422036370794,0,0,0.012424883383164753,0.0124395482177474,0.8,0.015362482314814298,0.09638322984874537,0.0,0.012962750132904079,0.5454545454545454
2023-10-13,326.2806105167785,328.33990088554026,324.3856326068409,325.50714111328125,5154600,0.0,0.0,0.0,0.0012190667788956,DIA,-0.14100243187139483,0.4720187546680395,0.05283494198308025,0.5549321266968326,331.5384423828125,0.2,-0.018191861028794887,,0.002235378576629063,-0.0022817217837222126,0.06514756126290218,2.5000852041223407,0.14768552534900814,-0.1672154184962379,0.07097676944298573,0.0,0.45,0.44190223029076126,0,0,0.012162832379812385,0.010548049845024587,0.75,0.007734235241820497,0.09673406816173996,0.0,0.013527559686317088,0.6115702479338843
2023-10-16,327.52773867531914,329.59673587479216,327.179699616438,328.610595703125,3969300,0.0,0.0,0.0,0.0095342135328566,DIA,0.17790771569468306,0.689725455570752,0.0473228802375131,-0.22994994761960186,331.3582635498047,0.26666666666666666,-0.008292136182886267,,0.0030328103330470894,0.005502575640922158,0.051887516298463464,0.6786944050448672,0.056704736043446946,-0.10813565060093623,0.09539301492243576,0.0,0.45,0.5051861942120321,0,0,0.0074254477185587255,0.009764352948888572,0.2,0.011312370810729597,0.09640013006797632,0.0,0.013129524913574888,0.6033057851239669
2023-10-17,327.10232929928253,330.1864698439206,327.0443227910001,328.7072448730469,3777800,0.0,0.0,0.0,0.0002941145878607,DIA,0.21520997898849883,0.736205036722045,0.042491436318200945,-0.04824528254352156,331.10356689453124,0.3,-0.007237379059246707,,0.0028144027380189833,0.011062183857648344,0.041540964914482933,0.016109270928044452,0.0022284713747546814,-0.1610382610560643,0.097379154888809,0.0,0.45,0.5630758389955302,0,0,0.009561916426331986,0.009903395001565035,0.6,0.007559816896129198,0.09317681383461161,0.0,0.013180910914678975,0.5371900826446281
2023-10-18,328.4655496929108,328.68792765026444,324.849672894502,325.4587707519531,4141200,0.0,0.0,0.0,-0.0098825753668689,DIA,0.004295975439022186,0.5326815375370235,0.03667420293527635,0.09619355180263645,330.81471252441406,0.2,-0.01619015590809214,,0.0018957886455891592,-0.00014860000048755317,0.11359975274091991,-0.7050428518081505,0.49291611089080356,-0.1801003998142916,0.06336598285631019,0.0,0.45,0.5719720840404185,0,0,0.011676818249761514,0.010650379631525873,0.7,-0.0040414628553628006,0.09803300811700426,0.0,0.013616256820551773,0.6528925619834711
2023-10-19,325.5168252111961,327.3827703950318,322.68406538228385,323.0321044921875,5201800,0.0,0.0,0.0,-0.0074561403097509,DIA,-0.030201431469881187,0.3481793600884853,0.03498178102029431,0.2561093402878394,330.5108312988281,0.1,-0.022627781296156058,,0.00040743489137537426,-0.01697599311732856,0.125807957724837,-0.21580675682659792,0.5691704374057316,-0.1887741312699748,0.004591306350263608,0.0,0.45,0.5557620289172691,0,0,0.014437174336681333,0.011052837822229189,0.85,-0.006291320777006901,0.10010290950594533,0.0,0.013929584154862866,0.5785123966942148
2023-10-20,322.4971742837216,323.31943285499995,320.3206231063544,320.378662109375,3960800,0.187,0.0,0.0,-0.0082141754516436,DIA,-0.10015616283707984,0.15333968550988056,0.03541001619163439,-0.2385712637933023,330.14213195800784,0.06666666666666667,-0.029573534861266015,,-0.00105080664007027,-0.02533738727568524,-0.03289272037318998,-0.8728739588166681,-0.23159896015209713,-0.22434568652052037,-0.07608986462118142,0.0,0.4,0.49202621508563726,0,0,0.009283317995156366,0.010476934945297984,0.45,-0.0157245630075461,0.10268439327032691,0.0,0.014326738606791107,0.6528925619834711
2023-10-23,319.13072509790567,321.48139299409246,318.1440326470197,318.5696716308594,3898300,0.0,0.0,0.0,-0.0056464137361871,DIA,-0.01654009482764664,0.053395036723647496,0.03653475501959861,-0.015779640476671353,329.7158819580078,0.016666666666666666,-0.03380550024147155,,-0.0023249269344458325,-0.021167348187227875,0.009941341055396125,-2.7142568588950446,-0.017887284911697332,-0.2575933422096992,-0.0559822734385342,0.0,0.4,0.3647601313162164,0,0,0.010416924538917712,0.011075230309369782,0.55,-0.0309051902765898,0.09854610860730953,0.0,0.014259881150795196,0.628099173553719
2023-10-24,320.19484438558146,321.8393614371946,319.0823908607199,320.6204833984375,3583900,0.0,0.0,0.0,0.0064375612313607,DIA,0.029232889787503352,0.25102583812490403,0.037479003923728736,-0.08065053997896521,329.3266027832031,0.1,-0.02643612544868379,,-0.002749965067565734,-0.007465577136802293,0.003460289568307395,-18.078751849479342,-0.05132616866959605,-0.22863331560456104,0.006500916792129288,0.0,0.4,0.2677242915967882,0,0,0.00865421545736261,0.010893690115575907,0.25,-0.024761743633089802,0.10193591542040449,0.0,0.01406718231650751,0.5867768595041323
2023-10-25,321.375052300453,321.82971085902784,319.0630569966838,319.56610107421875,3836300,0.0,0.0,0.0,-0.0032885681945293,DIA,-0.021099413793160837,0.19641154340603434,0.03908819207765093,0.07042607215603125,328.98556030273437,0.05,-0.02863183180394846,,-0.0030293277691325225,-0.0025362520394034416,-0.001693206361013644,12.60601290922975,-0.07362600212498793,-0.20705658154338635,0.015180613988831653,0.0,0.35,0.20047029277059036,0,0,0.008629061477977602,0.010284138761219124,0.2,-0.018167736460750202,0.10188154209950011,0.0,0.014684274137313158,0.71900826446281
2023-10-26,319.3822311153275,320.2141430285271,316.6736168517372,317.1186218261719,4882600,0.0,0.0,0.0,-0.0076587574208268,DIA,-0.23702543232464934,0.0704057595239565,0.042295858783719234,0.27273675155749033,328.63100158691407,0.016666666666666666,-0.03503132603178183,,-0.00380364439578936,-0.004554889978255372,0.001632275892916546,67.9310249049288,-0.061363374216617306,-0.21467931775696542,-0.02989613626124014,0.0,0.3,0.1449155726576846,0,0,0.01107916692317616,0.00961253727851809,0.6,-0.018370353571826103,0.0978904404124383,0.0,0.014069280928403528,0.6446280991735537
2023-10-27,317.13802160989223,317.1767241200367,312.6591581247123,313.607177734375,4757300,0.0,0.0,0.0,-0.0110729671804693,DIA,-0.4306707109987306,-0.054613268929445236,0.049587934501031446,-0.025662556834473382,328.2583978271484,0.016666666666666666,-0.04463319199068394,,-0.0047995722848217445,-0.021874165960092506,0.04421401728468233,0.7545603844879135,0.20109573823470006,-0.22488383546766555,-0.12656632364836773,0.0,0.3,0.10332498176981941,0,1,0.014245666083276202,0.010605006896142057,0.85,-0.0212291453006518,0.1035726000212785,0.0,0.014049859992640334,0.6446280991735537
2023-10-30,315.735347923058,319.24682550423813,315.7159819088394,318.4826354980469,4617200,0.0,0.0,0.0,0.0155463844893288,DIA,-0.2540982021902299,0.26989471601033427,0.05080540911438639,-0.029449477644882593,327.97231140136716,0.05,-0.02893438126765213,,-0.003874671255109658,-0.0033904271214306725,0.04148004985104008,0.01522055952279012,0.18441371880050283,-0.1610025576929786,-0.11945086420741938,0.0,0.25,0.1466249176271568,0,0,0.011258809893660479,0.01077338396709061,0.6,-3.634707513590178e-05,0.11760363690736825,0.0,0.014067772725497394,0.6198347107438017
2023-10-31,318.4341617435264,319.88519538239564,317.1379085686991,319.6917419433594,3645800,0.0,0.0,0.0,0.0037964595571173,DIA,-0.22674273392654157,0.3407583888850951,0.0504921175513456,-0.21038724768257822,327.7190863037109,0.11666666666666667,-0.02449458910340141,,-0.0023323520784080797,0.008114061868615075,0.015532708310317478,-5.561250823887622,0.017271687268059832,-0.14053971775775423,-0.055916286975845234,0.0,0.2,0.16457142777919498,0,0,0.008626174577462535,0.010767775791110596,0.2,-0.002677448749379302,0.11776038636704049,0.0,0.01413711348554968,0.6528925619834711
2023-11-01,320.11751108732744,322.47783294060025,319.3242719568703,321.8200378417969,4546200,0.0,0.0,0.0,0.0066573377388476,DIA,-0.10066166549107237,0.46569150579467694,0.05006397853302507,0.24696911514619568,327.5414068603516,0.2,-0.017467620577797716,,-0.0007524227782939772,0.026188367775109356,0.050841316908350365,-0.46470071594839024,0.1850480932148164,-0.0967153262030969,0.06354049152766998,0.0,0.15,0.21842742025692355,0,0,0.009864380495285627,0.0110148395945722,0.5,0.007268457183997597,0.11998981224160818,0.0,0.013851047665938289,0.5950413223140496
2023-11-02,323.85154781410955,327.4694510061413,323.4936306989242,327.3437194824219,5356300,0.0,0.0,0.0,0.0171638835097658,DIA,0.05512988609057175,0.7780682609357844,0.05138961193009736,0.1781927763846729,327.4381353759766,0.43333333333333335,-0.0002883472734361847,,0.0014033597259010529,0.02782281668360964,0.03193252187378688,2.142421641276527,0.09701798222258629,-0.051214501432010166,0.1391355200617783,0.0,0.1,0.35995992053928905,0,0,0.012354172642200564,0.011269840738377081,0.8,0.0320910981145902,0.1254659438712469,0.0,0.01387082391585832,0.5867768595041323
2023-11-03,329.01709390872537,330.46812780249286,328.31094297409567,329.4910888671875,4046900,0.0,0.0,0.0,0.0065599834576357,DIA,0.029506427205105722,0.8644966100809156,0.05465038657674027,-0.24445979500774784,327.45109375,0.55,0.006229923051486175,,0.003198613985894108,0.030652486874572782,-0.011826925760868013,0.3503920756448371,-0.14932840056334473,0.011242044154507767,0.09427677848028383,0.0,0.05,0.5437818963413613,0,0,0.006589968586560986,0.009738701239034038,0.05,0.0497240487526952,0.12664225516249697,0.0,0.013727347090318804,0.4214876033057851
2023-11-06,329.7328969698543,330.4874628644538,328.7945901469299,329.90704345703125,2766000,0.0,0.0,0.0,0.0012624152940641,DIA,0.037999728372823255,0.8543416681331865,0.05763492122592342,-0.3165138748177617,327.4247381591797,0.5666666666666667,0.007581300398397994,,0.0043326788288853444,0.025128968567239562,-0.06923980519544384,1.0162971464723514,-0.4009356319847527,-0.010509803136589682,0.0687821847314623,0.0,0.05,0.6606712867659317,0,0,0.0051378406722442154,0.008514507394750785,0.05,0.0354400795574305,0.12661015294036285,0.0,0.013167941903451632,0.5289256198347108
2023-11-07,329.60722158703373,330.903475088715,329.1912360694362,330.3907775878906,2793700,0.0,0.0,0.0,0.0014662740321953,DIA,0.15214403324778075,0.8522299995878388,0.06037224945942706,0.010014461315979828,327.3654357910156,0.5833333333333334,0.009241482044568539,,0.005541009865300906,0.00930843613033594,-0.025159463395732228,3.8499070652960414,-0.23372099402051671,-0.029320215988014552,0.047204296568680866,0.0,0.05,0.7629656089064805,0,0,0.005190065059953365,0.007827285491248951,0.1,0.0331098940325085,0.12382819662363469,0.0,0.012501187990031273,0.5537190082644629
2023-11-08,330.9325166442919,331.4065116705995,328.84302399562347,329.9844970703125,2787900,0.0,0.0,0.0,-0.0012296969078383,DIA,0.22687001230380743,0.8129428564496731,0.06234118339874784,-0.002076099795969455,327.2418878173828,0.5833333333333334,0.008380984693683757,,0.006089396401024426,0.0014974857281311316,-0.07496850638416526,0.14147740318321136,-0.3867625709383661,-0.0672821451738082,0.0423616416056614,0.0,0.05,0.8324158790374797,0,0,0.00775895651110935,0.007406200694413697,0.25,0.0252228593858226,0.12279996420624492,0.0,0.011859840519607959,0.4049586776859504
2023-11-09,330.8453639595768,330.88403693589106,327.7111111181143,328.0400085449219,3940700,0.0,0.0,0.0,-0.0058926662999453,DIA,0.25727361120063535,0.7058157476489845,0.06337318983865271,0.413501201621292,327.06440795898436,0.45,0.0029829004997079522,,0.005415813407195633,-0.005659275693374322,-0.027906821336841435,-5.8421550365807455,-0.264286914474544,-0.09722162775534372,0.05648912575775482,0.0,0.05,0.8179653763801198,0,0,0.009615378437310964,0.006858441853435776,0.55,0.0021663095761115005,0.12417778760125983,0.0,0.011888846464773556,0.48760330578512395
2023-11-10,329.6845191108294,332.0932255422464,328.19478295227714,331.8127136230469,3268600,0.0,0.0,0.0,0.0115007467987198,DIA,0.4144163155786623,0.8539657643614909,0.06694785160135863,-0.17055345496992924,326.99304565429685,0.6666666666666666,0.014739359239601235,,0.004244288560720728,0.004303800625239829,-0.013125553329277718,-5.298120106295317,-0.19232004744372233,-0.03533440469286532,0.07045528855882514,0.05,0.05,0.8158592072362347,0,0,0.01188404611761067,0.007917257359645713,0.85,0.0071070729171956,0.1298249051527452,0.0,0.011779123404937593,0.5289256198347108
2023-11-13,331.2033058287013,333.060612557802,331.05820835320253,332.3544616699219,2624500,0.0,0.0,0.0,0.0016326922526856,DIA,0.3847141352961799,0.8557026038769514,0.06965593795379789,-0.19705684390870715,326.90995544433594,0.7,0.016654452196739555,,0.0034979740540813137,0.007182048310301115,0.010765852852533198,-5.411740004288129,-0.05115690527838035,-0.042008124549717675,0.05071049747320292,0.05,0.05,0.8161313943849878,0,0,0.006034742257869905,0.008096637676770851,0.15,0.0074773498758171,0.1281294889176962,0.0,0.011555071066876203,0.512396694214876
2023-11-14,336.1754682461029,338.11017979579094,335.35323945456986,337.0461120605469,4815500,0.0,0.0,0.0,0.0141164056202276,DIA,0.5101382475972406,0.9913895268996317,0.0771457860242014,0.8348256810821109,326.9592681884766,0.9833333333333333,0.030850460144337344,,0.0032655298817288662,0.027454283870961715,0.1757280968057594,0.6050515174027165,0.7236997530157139,0.0309308679542022,0.051077202574427286,0.1,0.05,0.8439632998473463,0,0,0.008295180775876388,0.008717660819955456,0.3,0.0201274814638494,0.13557315453882834,0.0,0.011854091931526894,0.4132231404958678
2023-11-15,337.8877644672302,339.3291153706478,337.58788648761123,338.83575439453125,3149400,0.0,0.0,0.0,0.0053097848334262,DIA,0.6474036191923935,0.9787525988376529,0.086213669058753,-0.34598691724639186,327.0825592041016,1.0,0.03593342065999794,,0.003123748991704965,0.021165677152029883,0.10694593331567492,-0.4802399546762854,0.1296674916603895,0.07081108676650799,0.060714479747972186,0.15,0.05,0.8771252483249423,0,0,0.005166144396063456,0.008199098396946276,0.1,0.0266669632051139,0.13334931883141563,0.0,0.01130486080204075,0.39669421487603307
2023-11-16,338.1683550664476,339.34853076823634,337.36546243914813,338.593994140625,3848000,0.0,0.0,0.0,-0.0007135027834894,DIA,0.8312113071075453,0.9094978780871827,0.0929184851871039,0.22182002921191346,327.18770874023437,0.9833333333333333,0.03486159502845654,,0.003435932100046963,0.018773728625012254,0.06860969883379922,0.9267157644376339,-0.0235237394371558,0.061284183477286834,0.07038365747190217,0.2,0.05,0.9178616744125818,0,0,0.005852594666792987,0.00744654164284268,0.2,0.0318461267215698,0.13349560215577394,0.0,0.010823033548014062,0.4132231404958678
2023-11-17,339.04660219443133,339.47310266111515,338.02883446959265,338.70733642578125,2059200,0.707,0.0,0.0,0.0003347439326084,DIA,0.7981398800073802,0.8655887811326857,0.09707115646668589,-0.4648648648648649,327.2793096923828,0.9833333333333333,0.034918268264926056,,0.0037871875296799696,0.00492877474562281,0.009747416854812086,-11.783857312057641,-0.37000550694486933,0.05428360256114985,0.07023860315078258,0.25,0.05,0.9201862777668207,0,0,0.0042654867378500005,0.005922829766890547,0.05,0.0206801238554584,0.12749397297759132,0.0,0.010196383671616504,0.48760330578512395
2023-11-20,338.38737100298835,341.431000210825,338.3582927793215,340.73309326171875,2904300,0.0,0.0,0.0,0.0059808472332318,DIA,0.8036640010413914,0.8806581737894879,0.10025806623354605,0.4104020979020979,327.3948406982422,1.0,0.04074057042264245,,0.0042137466865830005,0.005599582814328041,0.1312392052169731,-0.7373750186757024,0.10661078300628701,0.06624191711741916,0.04294178846519111,0.3,0.05,0.9251773917493281,0,0,0.009071865593253221,0.006530254433967211,0.65,0.0250282788360046,0.12378626263695865,0.0,0.010164095858582751,0.4214876033057851
2023-11-21,340.3357672144164,340.4327045143682,339.6087818364436,340.0546875,1849500,0.0,0.0,0.0,-0.0019910181169213,DIA,0.7384890313408176,0.8225905536273215,0.10241643260401835,-0.36318562132011156,327.4998889160156,0.9833333333333333,0.03833527585471619,,0.004233996047897892,0.0043139966586895895,-0.10836305526347138,-0.14228526518365875,-0.6159277333610217,0.060377181438091725,0.008766591116438682,0.35,0.05,0.8914175970948662,0,0,0.0024180882169016105,0.005354835922172255,0.05,0.0089208550988557,0.11904990832716425,0.0,0.00971355356674532,0.4049586776859504
2023-11-22,341.0918482901561,342.30349054374113,340.71380170810494,341.74127197265625,3486200,0.0,0.0,0.0,0.004959744813564,DIA,0.6877902283506856,0.8347071667915206,0.1036043745941134,0.8849418761827521,327.6513977050781,1.0,0.04300263745635102,,0.004096410140615439,0.008957395428426995,0.13782270342235742,1.0360578497075068,0.1069410046358037,0.0841094670076032,-0.019555338645757245,0.4,0.05,0.8626085106856397,0,0,0.004674803477414778,0.005256567738442519,0.15,0.008570815078993502,0.11544158490181575,0.0,0.008867754605280304,0.39669421487603307
2023-11-24,342.3228613441971,343.08862752037703,342.2065484224704,342.9432067871094,1245100,0.0,0.0,0.0,0.0035170900123215,DIA,0.6719321300639857,0.8378082801504094,0.10145632621549595,-0.6428489472778383,327.7615679931641,1.0,0.046319154765155135,,0.0033454283418098843,0.006486348315140056,-0.035111091875592935,-0.3377041473812187,-0.6764293139293139,0.06324667633686828,-0.021166012996173104,0.45,0.05,0.8482705910982851,0,0,0.002581131312629994,0.0046022750676099206,0.1,0.0128014078748044,0.11488714180898273,0.0,0.008115532398938837,0.4049586776859504
2023-11-27,342.7784817709454,343.27284132962376,341.9545590335191,342.4779968261719,2532400,0.0,0.0,0.0,-0.0013565218722244,DIA,0.6272305830664885,0.810950487201342,0.09130916866792119,1.0338928600112443,327.9180639648437,0.9833333333333333,0.04440113083519881,,0.0027383447022675178,0.0071262341477702495,0.2646404530996289,0.36552166795769536,0.2297979797979799,0.09055223485553754,-0.02458779023920687,0.5,0.0,0.8373429323120163,0,0,0.003844025103908859,0.004517982740821692,0.15,0.0111101420699716,0.11378089272940747,0.0,0.007963578342039259,0.47107438016528924
2023-11-28,342.6427435246138,344.2421350427219,342.2550239006617,343.24371337890625,2759600,0.0,0.0,0.0,0.0022358124020533,DIA,0.6319509114573313,0.8158706347817312,0.08508036016895663,0.08971726425525195,328.08968139648437,1.0,0.04618868815965227,,0.0019839622957309754,0.004396429490583165,0.20050348637025972,0.526054072212716,-0.04982267672072449,0.09797619512294531,-0.01637088795752877,0.55,0.0,0.8243854245104648,0,0,0.00580215710344971,0.00386404104286099,0.45,0.007365107238793101,0.10721195519456428,0.0,0.007907028967832444,0.4297520661157025
2023-11-29,344.07736895539074,345.201776670591,343.49577467771974,343.7671813964844,2736300,0.0,0.0,0.0,0.001525062214323,DIA,0.6740050146756894,0.817989926051579,0.0778326714111481,-0.008443252645310872,328.2926513671875,1.0,0.04713638872162562,,0.0018495972341303242,0.002402656163084549,0.2714519601052199,-0.3883575000579869,0.4794809407948095,0.1158406862448544,-0.0040728559203425125,0.6,0.0,0.8234652989953165,0,0,0.004970235218810915,0.004374470443242851,0.3,0.0108811875700374,0.09416962131866675,0.0,0.008054001951628883,0.5619834710743802
2023-11-30,345.76398216443806,349.1275028645216,345.5119806443289,348.9530334472656,4094300,0.0,0.0,0.0,0.0150853610566161,DIA,0.8843984835961095,0.9768900577620744,0.07552887785672122,0.49629061140956776,328.6138397216797,1.0,0.06189390484226798,,0.0026514629486681304,0.018906431014837466,0.19372170715058298,0.6379992324543884,0.1744306121278183,0.17180166350611345,0.027781741402187022,0.65,0.0,0.8519018771894272,0,0,0.010517357141264552,0.005542981176012806,0.9,0.0210068038130895,0.09351363781963012,0.0,0.007764183996539589,0.6611570247933884
2023-12-01,348.97237342897034,352.1032679195476,348.81727965799223,351.9093933105469,5852500,0.0,0.0,0.0,0.0084720852949056,DIA,0.8791907733380459,1.010248899393202,0.0803529469325773,0.42942627555381874,329.06647399902346,1.0,0.06941734001012567,,0.0035109144047867037,0.025246434512478766,0.4081767517169144,-0.19657166126820508,3.700425668620994,0.24249877930076494,0.043485538377756296,0.7,0.0,0.8863900010379858,1,0,0.009416706394821882,0.006910096192451183,0.85,0.0259617990956736,0.09461697754821892,0.0,0.007312445645573218,0.6611570247933884
2023-12-04,350.067665245274,351.8124477955196,349.9416497210713,351.511962890625,4211000,0.0,0.0,0.0,-0.0011293543948431,DIA,0.8444296568988051,0.9347782223494269,0.08383257961720472,-0.2804784280222127,329.53049621582034,0.9833333333333333,0.06670540944534697,,0.00385522537701622,0.022529147380151437,0.14530249411022303,-0.2082014202222255,0.6628494708576844,0.2505894698673764,0.03534580593160552,0.75,0.0,0.9111555480676026,0,0,0.005316135658809625,0.007204518303431337,0.5,0.026188966573054903,0.09603808002088861,0.0,0.007643515700218017,0.7024793388429752
2023-12-05,350.75589888259304,351.1436480911527,349.63152083732666,350.80438232421875,5372700,0.0,0.0,0.0,-0.0020129629745386,DIA,0.7362560635342615,0.8677151752217687,0.08480839542762496,0.2758727143196391,329.9726312255859,0.9666666666666667,0.0631317543556853,,0.004030373956780346,0.005305438553331543,0.18253358412310045,-0.11402674554481605,0.9469125960284099,0.23837218318114964,0.004686773480886925,0.8,0.0,0.9215244561556102,0,0,0.00430178034736352,0.006904442952214099,0.25,0.021940191196463,0.08598886451301588,0.0,0.006526511476481708,0.7024793388429752
2023-12-06,351.67682589723853,352.39410882375967,349.75757344113424,350.1356201171875,5583700,0.0,0.0,0.0,-0.0019063678811548,DIA,0.6442934968396327,0.8129903781631561,0.0838408415572532,0.039272618981145424,330.4775756835937,0.95,0.05948374679562174,,0.0036168021591243453,-0.005040425822888106,0.19207675844839173,-0.5558140166020507,1.0406022731425648,0.2830075464772165,-0.03466317718471427,0.85,0.0,0.9205245465779257,0,0,0.007515685423190349,0.007413532993089986,0.65,0.0185087611009852,0.08674867237469971,0.0,0.006848201229680958,0.71900826446281
2023-12-07,350.8528832273483,351.2406029067822,349.854491001776,350.72686767578125,3295600,0.0,0.0,0.0,0.0016886244204341,DIA,0.678278407243771,0.8063312922813165,0.08115060917286479,-0.4097820441642639,331.00614074707033,0.95,0.05957813013438917,,0.0032713465416739,-0.002233480785085118,0.010862227333625385,-12.508167530492507,-0.19507608138143273,0.2961909314242345,-0.03427067629539256,0.9,0.0,0.8864127934817739,0,0,0.003958785754337941,0.006101818715704663,0.2,0.005112024464803201,0.08667113867710345,0.0,0.007061328234289515,0.7107438016528925
2023-12-08,350.6591028874674,352.5201695246306,350.2907587706419,351.97735595703125,2930400,0.0,0.0,0.0,0.0035654191238236,DIA,0.6970308496187667,0.8337404957423924,0.07469417994370557,-0.11081441922563418,331.5367053222656,1.0,0.06165426122243867,,0.0030407314356416175,0.0033436686994645637,-0.0971859116222652,0.35635488221463857,-0.4992909013242204,0.29623738582507175,-0.02050950220515941,0.95,0.0,0.8511111127516122,0,0,0.006356543964717334,0.005489786229683753,0.7,0.00020535829372120024,0.08657472431426959,0.0,0.007249949822292867,0.6776859504132231
2023-12-11,352.4425358835986,353.67355387317315,351.86094163409666,353.49908447265625,3673200,0.0,0.0,0.0,0.0043233704949212,DIA,0.6876915233700722,0.8642088692145029,0.07171627166416517,0.2534807534807535,332.12999633789065,1.0,0.06433953081740285,,0.002645218113433838,0.00960617589933599,0.009605924678328038,-2.0286538403137895,-0.12771313227261938,0.3316009465596892,-0.0026287358846998803,0.95,0.0,0.8369972421246272,0,0,0.005149797873070467,0.0054565186725359215,0.45,0.005658083183485501,0.08543227876148296,0.0,0.006926552653736341,0.6776859504132231
2023-12-12,354.1969764360552,355.42799437273305,353.24703821665025,355.1662902832031,3239600,0.0,0.0,0.0,0.0047162945641965,DIA,0.7732432111747363,0.9024838160305697,0.06846758521151529,-0.11804421213111183,332.7732598876953,1.0,0.06729215683695577,,0.002275546156128589,0.012657777366305911,-0.06917746061182214,-0.5039634764519287,-0.3970257040221863,0.35593535917102087,0.015760353937882603,1.0,0.0,0.8439509702863874,0,0,0.0061696232094527554,0.005830087244953769,0.7,0.0123873407222206,0.07928503546297064,0.0,0.007095133261304168,0.6859504132231405
2023-12-13,355.35050527687577,360.332763671875,354.7689109819938,360.332763671875,4304800,0.0,0.0,0.0,0.014546632183342,DIA,0.80614061204976,1.0278382540417141,0.0738949558813982,0.32880602543523896,333.5993255615234,1.0,0.08013636737830065,,0.0023943428376840027,0.023738480823930486,-0.011270779321003444,-13.042100323570635,-0.22904167487508287,0.4516085803616997,0.019204003663246313,1.0,0.0,0.8869205454620992,1,0,0.015665486399186867,0.007460047440153073,1.0,0.0288403407867174,0.08347314314000338,0.0,0.0075375637359620575,0.6942148760330579
2023-12-14,361.2729315550778,362.2034940845791,359.8674443192653,361.8739013671875,5507000,0.0,0.0,0.0,0.0042769846394425,DIA,0.8083445442195262,1.000819743099788,0.07985722450159868,0.2792696524809515,334.43668762207034,1.0,0.08204008340174251,,0.003161859181182376,0.023691198258758206,0.12653956000803962,0.6760679548066263,0.6710158999878626,0.4540482175273138,0.019440204794149506,1.0,0.0,0.9258182356257935,1,0,0.006483034574788382,0.00796489720424316,0.75,0.0314287010057258,0.08314044581149797,0.0,0.008074882593047528,0.5537190082644629
2023-12-15,361.1385105753808,362.7414787116091,360.7401996167689,362.0031433105469,6948400,0.833,0.0,0.0,0.0003571463509004,DIA,0.8466411932343937,0.9438786260723182,0.0830805111385195,0.26173960414018516,335.27315002441406,1.0,0.07972601827550574,,0.004060860051436912,0.01924972390226598,0.2010503646812035,0.20583477507594714,1.3711438711438713,0.4536740815596886,0.019782462227508894,1.0,0.0,0.9478458616917786,0,0,0.00553032171504825,0.007799652754309344,0.55,0.028220428232802602,0.07552057768514822,1.0,0.008372147296397967,0.5785123966942148
2023-12-18,362.64435759355234,363.2078038500756,362.1294735558234,362.34320068359375,3403200,0.0,0.0,0.0,0.0009393768516401,DIA,0.8435608666666476,0.9071653784811823,0.08436479083903556,-0.5102181797248287,336.0597589111328,1.0,0.07821061902092041,,0.004587618667887199,0.00557938998172669,0.04831057804008705,-1.7623766699210341,-0.07350539039529569,0.4373956749725505,0.009976717359654382,1.0,0.0,0.9564371635451145,0,0,0.0029787871022080394,0.007365450600136858,0.15,0.024836434589521502,0.07554769699021562,1.0,0.008460193342016213,0.5041322314049587
2023-12-19,362.59570235021897,364.849546276896,362.4791293276769,364.791259765625,3749200,0.0,0.0,0.0,0.0067561888215723,DIA,0.8552891246651825,0.9311679449291372,0.08761118486703208,0.10166901739539247,336.8568511962891,1.0,0.08292664516138437,,0.0049809144107666875,0.008061809341363135,0.0922532239453879,-1.348204209125262,0.1573033707865168,0.4390866718665438,0.0072878653126405585,1.0,0.0,0.962173989324828,0,0,0.006541910941745471,0.007439908146595402,0.8,0.0268763288468973,0.07529486695082659,1.0,0.008235567279536811,0.4297520661157025
2023-12-20,363.985000246013,365.6073578091472,360.0407579331991,360.225341796875,4564700,0.0,0.0,0.0,-0.0125165223851129,DIA,0.4772829827902154,0.75901745574027,0.08437260074785354,0.21751306945481708,337.53632690429686,0.9166666666666666,0.06721947560628427,,0.004084269459580884,-0.004911011261984455,0.06999463274930354,-0.40515071178780276,0.06037446571269278,0.36524499134073696,-0.036998437727444836,1.0,0.0,0.9084098296645392,0,0,0.015259685441818395,0.007358747955121708,0.95,-0.00018682572155759823,0.09223717570575993,1.0,0.009064234158575433,0.4793388429752066
2023-12-21,362.2556807321974,363.4603080721874,360.57500738910096,363.2174377441406,3837500,0.0,0.0,0.0,0.0083061783836209,DIA,0.4759894188813189,0.8274105346882221,0.08311493570384403,-0.15930948364624187,338.2644299316406,0.9833333333333333,0.07376775565063909,,0.003413928914138595,0.002412732069754675,-0.017721194476135137,0.6453680452930198,-0.30315961503540945,0.38011184140922266,-0.06516132737096685,1.0,0.0,0.8737279879822261,0,0,0.008009710445950245,0.00766408312935408,0.8,0.0038423680226208016,0.09352032190898045,1.0,0.009016592803033905,0.45454545454545453
2023-12-22,362.9843595584021,364.60671705051095,361.9545618995373,363.1397705078125,3330700,0.0,0.0,0.0,-0.0002138312433744,DIA,0.49642471696888746,0.7966566765062087,0.08113227334308128,-0.13206514657980462,339.02500915527344,0.9666666666666667,0.07112974176337095,,0.0025488550123255417,-0.004527217178595722,-0.09648214462013309,-0.5133878057941229,-0.5206522364860975,0.40505205387282106,-0.06587505666289509,1.0,0.0,0.8442835980690042,0,0,0.007301838720755234,0.008018386530495478,0.7,0.003271390428346002,0.09258796606278365,1.0,0.0088355328616265,0.4132231404958678
2023-12-26,363.0232425420194,365.3645167903204,362.9260884511293,364.6456298828125,2217800,0.0,0.0,0.0,0.0041467762478735,DIA,0.5711461200304774,0.8223005606167283,0.07791126662000801,-0.33413396583300803,339.8077789306641,0.9833333333333333,0.0730938268403103,,0.0018225923834784081,0.01227089705540485,-0.06126530184176895,1.9932721226860142,-0.3483192289609779,0.41129085017664296,-0.03486129039978055,1.0,0.0,0.8273106344961134,0,0,0.0067148479379749776,0.008765598697648865,0.65,0.006478789824579402,0.09242286166615397,1.0,0.008831565632529941,0.4132231404958678
2023-12-27,364.4026599360021,366.0444657875777,364.0626355344037,365.8210144042969,3061200,0.0,0.0,0.0,0.0032233610529273,DIA,0.6340627712714942,0.8389547182760414,0.07423343007980993,0.3802867706736406,340.5519873046875,1.0,0.07420020449624198,,0.0012115936581245303,0.007168093790668406,-0.005541751186119326,-2.7197706138161193,-0.1835058145737758,0.3976760260009803,0.026696361626182254,1.0,0.0,0.8088679891654941,0,0,0.005434948593270963,0.008544206227953963,0.35,0.002945962055934401,0.09240731255033338,1.0,0.008404644600799812,0.3140495867768595
2023-12-28,365.7822448530796,366.9188913807342,365.7822448530796,366.2777099609375,2620400,0.0,0.0,0.0,0.0012484125806284,DIA,0.6317327442591253,0.8360824271745798,0.06907307444964442,-0.14399581863321576,341.3033966064453,1.0,0.07317335134314518,,0.001265857489555061,0.008641134097587155,-0.07784352880372589,-0.6975265068578289,-0.4259425592043289,0.39977506865564494,0.028755554120250687,1.0,0.0,0.8242809834523561,0,0,0.0031071110813726947,0.006113691355864823,0.1,0.016710897021675702,0.09136320075798966,1.0,0.007976930538353806,0.3305785123966942
2023-12-29,366.1999580217407,366.69539341948285,364.56784659327394,366.1222229003906,3364400,0.0,0.0,0.0,-0.0004245059317518,DIA,0.6013412045128089,0.8012610257468573,0.06749288926839606,0.2839261181499009,342.1166656494141,0.9833333333333333,0.07016775170951872,,0.0013815762297195665,0.004049391783613743,0.010803591555502656,9.46093409222422,-0.12328338762214985,0.44985147045938334,0.01704030031179083,1.0,0.0,0.8190510816640831,0,0,0.00580856210561055,0.005673461687796884,0.45,0.007980212706303001,0.09209688097949374,1.0,0.008030791167490819,0.4628099173553719
2024-01-02,364.1113276684744,367.0452213635712,364.1113276684744,366.3360290527344,5776300,0.0,0.0,0.0,0.0005839748012288,DIA,0.5773959056119611,0.7806779979625952,0.06726789149260837,0.716888598264178,342.982744140625,1.0,0.06808880420682151,,0.0014112993666937964,0.001407832322799063,0.18059434052429918,1.1106020652960418,0.7342600654517069,0.49307964718289865,-0.0012614025734627653,1.0,0.0,0.8158553459553604,0,0,0.00801342696942767,0.005815779337531371,0.9,0.008778018750906202,0.09232680884249468,1.0,0.008398013271329078,0.5289256198347108
2024-01-03,364.85931620179497,365.39361917101127,363.2369290425217,363.5380859375,6393600,0.0,0.0,0.0,-0.0076376411090911,DIA,0.36197337194348167,0.646132591062338,0.06439793812587238,0.1068677180894344,343.8459326171875,0.9,0.057270281403143164,,0.0009414828239569251,-0.007479636212997187,0.26879467730878764,0.11683501878581075,1.882856885201551,0.4964300122558029,-0.03833441218691699,0.95,0.0,0.7806217520444824,0,0,0.005887190877911478,0.005650247925518671,0.45,-0.0030063986060583983,0.08831237527250309,1.0,0.00860346560474084,0.5206611570247934
2024-01-04,364.1501362158314,366.4622670202754,363.7226819672487,363.8587036132813,4251900,0.0,0.0,0.0,0.0008819369639205,DIA,0.19272547451519287,0.6411967698570182,0.06000963742983382,-0.3349756006006006,344.75171325683596,0.9,0.05542246672523676,,0.0009284684396767528,-0.00618241435654443,0.1257422030539394,-0.44457465386973966,0.3889651117208939,0.5316987303633556,-0.07585585730910444,0.9,0.0,0.7410701623606777,0,0,0.007535895574632295,0.006070437321790937,0.8,-0.0053478226950651984,0.08519226082043077,1.0,0.008215015321563435,0.628099173553719
2024-01-05,363.7518086047281,365.5199120387703,362.5665999964129,363.9558410644531,5381700,0.0,0.0,0.0,0.000266964759142,DIA,0.12457821362424838,0.6274868231381014,0.05344970050646281,0.26571650321032947,345.61842041015626,0.9,0.053056838326311695,,0.00012513696702501963,-0.006497280637222325,0.20768466742264846,-0.5240075939401013,1.0537704167302704,0.519951781738667,-0.0975644246032057,0.85,0.0,0.699351041553382,0,0,0.008116645315969364,0.007072344168710272,0.9,-0.006329270516551598,0.08479884617592733,1.0,0.008134793448329368,0.628099173553719
2024-01-08,362.7512101779071,366.21940647778,361.8477394384572,366.0931091308594,4604900,0.0,0.0,0.0,0.0058723279729635,DIA,0.21564370514204798,0.7275573892472754,0.04648762888596994,-0.1443410074883401,346.54896057128906,0.95,0.05639650030215537,,6.534054697452124e-05,0.007028213252458615,0.12203124229500026,-1.281319764494608,0.36871358934728327,0.5514003475794218,-0.07423150072281662,0.8,0.0,0.6846103142534656,0,0,0.012011531471887054,0.008312938041965572,0.9,-3.243661183629804e-05,0.08497084657544983,1.0,0.008556078645886117,0.6694214876033058
2024-01-09,364.11120952913785,364.8884124218434,363.09116593858187,364.4803771972656,3230900,0.0,0.0,0.0,-0.0044052507227533,DIA,0.1077895312593894,0.6150250018388825,0.03819584050938037,-0.2983778149362636,347.49619567871093,0.8833333333333333,0.04887587757725553,,-0.0003449403469894885,0.0017085576840978334,-0.08102204034508804,0.7650467333321284,-0.44066270796184404,0.5719749853741877,-0.04043585536900267,0.75,0.0,0.6514797150287231,0,0,0.004909260618230033,0.007692104771726045,0.15,-0.005021662135818398,0.0867359555992597,1.0,0.008558523432113054,0.7024793388429752
2024-01-10,364.8399142075165,366.7051719815044,364.5873491439132,366.2000122070313,2718700,0.0,0.0,0.0,0.0047180455172621,DIA,0.07439016635298074,0.744170546341038,0.030181224254160234,-0.15853167847968064,348.54805236816406,0.9666666666666667,0.05064426474035155,,-0.00026772953987603556,0.0061660533761862535,-0.13410191965891105,0.15749698023858108,-0.574777902902903,0.6532646444806542,-0.022174423653074146,0.7,0.0,0.6710873060844632,0,0,0.005810526355016958,0.007676771867147142,0.35,0.007334024490534802,0.08727639710349243,1.0,0.008604818050046125,0.6694214876033058
2024-01-11,366.9965309144973,367.3365553460953,363.5769269373589,366.4136657714844,4095700,0.0,0.0,0.0,0.0005834340724497,DIA,0.4034137328759624,0.7928533595310577,0.021854603217769608,0.5064920734174421,349.5066729736328,1.0,0.04837387696779971,,4.1818043808568405e-06,0.0008756150624797954,0.034191615144697485,1.3668862013246095,-0.0367365177920459,0.6301039385604608,0.03513588216739992,0.7,0.0,0.701418624019271,0,0,0.0102665982616376,0.008222912404548203,0.85,0.007035521599064002,0.08720934029728246,1.0,0.008275723895745492,0.6859504132231405
2024-01-12,366.7148693927285,367.46289951979327,364.04329510672864,365.1896362304688,3816700,0.0,0.0,0.0,-0.0033405673842388,DIA,0.14657451000724805,0.6202989029097126,0.019698150168276824,-0.06812022364919301,350.416630859375,0.8833333333333333,0.04215840251321379,,0.00015701833645492472,0.0019459457287032134,-0.032575730227207014,-2.938726006615991,-0.2908003047364216,0.5994633560785707,0.01323897096358791,0.65,0.0,0.6999810399735933,0,0,0.009332633393638995,0.008466110020082128,0.85,0.0034279894556832023,0.0884424524821625,1.0,0.008067700380689883,0.6198347107438017
2024-01-16,364.276422584588,364.8204498578007,361.4299888788036,363.0037841796875,4471600,0.0,0.0,0.0,-0.0059855259676695,DIA,-0.006192637169933732,0.3006600922564192,0.018985268346188026,0.17158802106531823,351.2403057861328,0.7333333333333333,0.03349125427739885,,-8.8816259155962e-06,-0.008728093721462882,0.03061007548352466,3.366026089639071,-0.02894742556841623,0.5445453747694244,-0.013602922205576223,0.6,0.0,0.614601580575422,0,0,0.009284110617140882,0.007920625849132893,0.8,-0.008429864484949798,0.09114014162718438,1.0,0.008088399354930107,0.5785123966942148
2024-01-17,361.14826839436944,363.0912315061078,360.74995739879137,362.0906066894531,4361000,0.0,0.0,0.0,-0.0025156142443472,DIA,-0.1662521655671513,0.16682485659206928,0.01891660152825379,-0.024733876017532852,351.93524353027345,0.7,0.02885577203723866,,-0.00016896470342183328,-0.01179830198998999,0.0853388632672708,-0.0788719756168143,0.3497786994335943,0.4883443696010565,-0.08170413455000192,0.55,0.0,0.5249615515260594,0,0,0.006449723692570424,0.008228718464000973,0.4,-0.006540228006543697,0.07808543450212409,1.0,0.0084557532428375,0.5537190082644629
2024-01-18,361.6146534249517,364.6262230567613,360.7694394198989,364.1210632324219,3953400,0.0,0.0,0.0,0.0056075924242635,DIA,-0.10315931821144118,0.44643358022816876,0.018183143202313023,-0.09346480165099746,352.62784301757813,0.8166666666666667,0.03259305934690704,,-0.0003956925997610121,-0.002926077007761929,0.09835223863300743,-1.1759034858583117,0.4541508809357413,0.4859934576075136,-0.1256992993963843,0.5,0.0,0.46541415830348554,0,0,0.01065143244704546,0.009196899682406673,0.9,-0.0056506810995422966,0.07903647792413396,1.0,0.008830939103669798,0.5702479338842975
2024-01-19,365.2709116219107,368.760509895689,363.98781970581285,368.0120544433594,5218600,0.213,0.0,0.0,0.0106859822290859,DIA,0.09140742863825167,0.9595705942187395,0.020139756044228647,0.3200283300450246,353.3899432373047,1.0,0.04137670436262475,,-9.958367509082175e-07,0.01379674395127739,0.06105948995852395,0.8372888227847863,0.2741655882999243,0.5083455709802348,-0.02088724915706922,0.45,0.0,0.4987576052410218,0,0,0.013107426819825792,0.009765065394044311,0.95,0.0044518670570939025,0.0865137108923976,1.0,0.009453625455844048,0.5702479338842975
2024-01-22,369.0715708410778,370.42268259888505,368.47861470945975,369.4409484863281,5433400,0.0,0.0,0.0,0.0038827370617793,DIA,0.1614671698327169,1.094344802610844,0.02001466743135214,0.041160464492392634,354.17094665527344,1.0,0.04311477825965637,,0.0004858791679599291,0.020299730678125627,0.08291562758684108,0.10119575206595022,0.4235858202111773,0.5137675609474968,0.059568714508144834,0.4,0.0,0.5935667851812482,1,0,0.005282620136902361,0.008955062742696984,0.15,0.011675171503112002,0.087156940392282,1.0,0.009294808274097507,0.5950413223140496
2024-01-23,368.7507560780477,369.2270728477492,367.4093742502386,368.4397277832031,3110100,0.0,0.0,0.0,-0.0027100967210786,DIA,0.099914595602377,0.9021848053119363,0.020965629588412128,-0.4275959804174182,354.94005126953124,0.9833333333333333,0.03803368051981448,,0.0010306028665495752,0.011860518346406668,-0.036921172709706206,1.817653377190683,-0.3044771446462117,0.5036089919519702,0.07838882489188512,0.35,0.0,0.7138717277923515,0,0,0.004920132987309711,0.00808226721673075,0.15,0.0149506007497029,0.08539044341311891,1.0,0.008884749938015104,0.5537190082644629
2024-01-24,369.5769421461854,369.9754795416158,367.3704362225308,367.5162353515625,3967200,0.0,0.0,0.0,-0.0025064952609671,DIA,0.20450231398478877,0.7553187866252237,0.02076746954524571,0.2755859940194849,355.72957580566407,0.95,0.03313376325036721,,0.001065288170226745,-0.001347290355873887,0.023142801297697347,-0.04114765105132527,-0.09030038981884891,0.5270489137276343,0.057188789127434046,0.3,0.0,0.8315705137989825,0,0,0.007070473465928303,0.008206417171402325,0.55,0.014959719733083,0.0729402745991695,1.0,0.008791160021868753,0.5619834710743802
2024-01-25,368.4688453395734,369.9171661526675,367.3510124459182,369.8394165039063,3539100,0.0,0.0,0.0,0.0063213021055286,DIA,0.2773450972777971,0.9747166521438915,0.023043264096947902,-0.1079098608590442,356.49010986328125,1.0,0.037446499275238576,,0.0016580297788963655,0.0010785702538140818,0.020253789456088002,-3.0683189120159806,-0.10479587190772499,0.5154959621364935,0.035555811740847404,0.25,0.0,0.937227128182127,0,0,0.006982422706563085,0.0074726152233058505,0.5,0.015673429414348104,0.07080689913381881,1.0,0.008598704344137927,0.5371900826446281
2024-01-26,369.35346015042535,371.44332714871166,369.3243003193468,370.4324035644531,3221000,0.0,0.0,0.0,0.0016033636061629,DIA,0.293245354902115,0.9653699185041071,0.025618671500205956,-0.089881608318499,357.25166870117187,1.0,0.036894816786164464,,0.0022561079683872886,0.00540841725521668,-0.06172819821661672,-0.09331549535020235,-0.38278465488828417,0.5154289361793795,0.03652685599067254,0.2,0.0,0.9383869930392006,0,0,0.005729586233387599,0.005997047106018212,0.25,0.006590810791425103,0.07075218462981066,1.0,0.008400075897096826,0.5454545454545454
2024-01-29,370.3449359736732,372.6875413593431,369.8978086613915,372.59033203125,2730900,0.0,0.0,0.0,0.0058254311610765,DIA,0.29269923933009634,1.0617866863668768,0.03015417860844778,-0.15215771499534303,357.9625531005859,1.0,0.04086399206833713,,0.0028159470542039387,0.01380645585584439,-0.10039183411416386,-0.18468526861987847,-0.49738653513453823,0.495707351127071,0.03845127200833366,0.15,0.0,0.9318753697904072,1,0,0.00753101691727731,0.006446726462093202,0.55,0.008533504890722304,0.07189161340003618,1.0,0.007958958684806278,0.5537190082644629
2024-01-30,372.114055071571,374.1844921937205,371.7932672464961,373.7373352050781,2747900,0.0,0.0,0.0,0.0030784566190298,DIA,0.4253044128231221,1.042678236297553,0.03503335342405334,0.006225054011498088,358.66058471679685,1.0,0.04203626250201453,,0.002901536641154509,0.010539489646665734,-0.0136276272283806,4.27785207492461,-0.1164592778367255,0.49012254593786453,0.03518801433779911,0.15,0.0,0.9599740559875304,1,0,0.006417839491937798,0.006746267763018819,0.35,0.014322058230830704,0.07183924753437063,1.0,0.007663920240461621,0.5867768595041323
